strakkId,title,intro,txt,price,coverimg,symbolLink,symbolText,otherImg,diagramImg
4710,Winter Moss by DROPS Design,"
DROPS design: Modell nr Z-529  
--------------------------------------------------------

Størrelse: S - M - L - XL - XXL - XXXL 
Materialer: DROPS ALPACA fra Garnstudio	
Farge nr 4010, perlegrå:
150-200-200-200-250-250 gr. 
Farge nr 7815m, grønn/turkis mix:
100-100-100-150-150-150 gr. 
Farge nr 7323 m, grågrønn mix:
50-50-50-50-50-50 gr. 

DROPS RUNDP (80 cm) nr 3 - eller det p.nr du må bruke for å få 24 m x 32 p glstrikk på 10 x 10 cm. 
DROPS RUNDP (40 og 80 cm) nr 2,5 - til vrborder.
(Fortsett til oppskrift...)
","MØNSTER: 
Se diag M.1 og M.2  hele mønsteret strikkes i glstrikk. 
--------------------------------------------------------

BOLEN:  
Arb strikkes rundt på rundp.
Legg opp 350-380-410-450-490-530 m på rundp 2,5 med grønn/turkis mix. Strikk vrbord = 2 r / 3 vr i 3 omg. På neste omg felles alle 3 vr til 2 vr = 280-304-328-360-392-424 m. Fortsett med 2 r / 2 vr. Når arb måler 12 cm byttes det til rundp 3. Strikk 1 omg glstrikk SAMTIDIG som hver 3.og 4.m omg rundt strikkes r sm = 210-228-246-270-294-318 m. Videre strikkes M.1, deretter fortsettes det med perlegrå. HUSK PÅ STRIKKEFASTHETEN! 
SAMTIDIG på 2.omg etter M.1 felles det 28 m jevnt fordelt = 182-200-218-242-266-290 m. Sett 1 merke i hver side (= 91-100-109-121-133-145 m på for- og bakstk). Når arb måler 18-19-20-21-22-23 cm økes det 1 m på hver side av begge merkene. Gjenta økningen på hver 8.omg totalt 7 ganger = 210-228-246-270-294-318 m. Når arb måler 38-39-40-41-42-43 cm felles det 12 m i hver side (dvs 6 m på hver side av hvert merke) = 93-102-111-123-135-147 m tilbake på for- og bakstk.

ERMKANT: 
Arb strikkes rundt på liten rundp.   
Legg opp 96-104-108-116-124-128 m på rundp 2,5 med perlegrå. Strikk vrbord = 2 r / 2 vr i 2 cm. Neste omg strikkes slik fra retten: * 4 r, 2 r sm *, gjenta fra *-* til det gjenstår 
6-2-0-2-4-2 m, disse strikkes r = 81-87-90-97-104-107 m. På neste omg felles de første 12 m av = 69-75-78-85-92-95 m. Legg arb tilside og strikk 1 ermkant til. 

BÆRESTK: 
Sett ermkanten inn på samme rundp som bolen der det er felt m til ermhull = 324-354-378-416-454-484 m. Videre starter hver omg mellom bolen og et av emene på bakstk. Strikk 1 omg rett med perlegrå samtidig som det felles 18-12-18-20-22-16 m jevnt fordelt = 306-342-360-396-432-468 m. Videre strikkes 0-2-5-1-4-7 omg med perlegrå før det fortsettes med M.2  se diag for din str. Når M.2 er strikket ferdig i høyden er det 119-133-140-132-144-156 m på p. Arb strikkes ferdig med perlegrå. Sett 1 merke midt bak - videre strikkes det forhøyning slik: Strikk 8 m r forbi merket midt bak, snu, stram tråden og strikk 16 m vr tilbake, snu, stram tråden og strikk 24 m r, snu, fortsett og strikk 8 m glstrikk mer for hver gang det snus til det er strikket over totalt 96-96-112-112-112-128 m, snu og strikk 1 omg rett frem til midt bak igjen. Videre strikkes 1 omg samtidig som det felles jevnt fordelt til 112-116-120-124-128-132 m.

HALSKANT:
Bytt til rundp 2,5 og strikk 5 omg vrbord = 2 r / 2 vr med perlegrå. Fell deretter av med r over r og vr over vr.  
MONTERING: 
Sy sammen åpningene under ermene.","
150kr ",img/cover/c122-41-41-2.jpg,"['/drops/symbols/1.gif', '/drops/symbols/45.gif', '/drops/symbols/5.gif', '/drops/symbols/218.gif']","[' perlegr\xc3\xa5', ' gr\xc3\xa5gr\xc3\xb8nn mix', ' gr\xc3\xb8nn/turkis mix', ' 2 r sm']","[u'122-41-41-2', u'122-41-41-m']","['122-41-41-dia', '122-41-41-diag2']"
4711,DROPS 122-43 by DROPS Design,"
DROPS design: Modell nr NE-025
--------------------------------------------------------

Størrelse: S - M - L - XL - XXL - XXXL
Materialer: DROPS NEPAL fra Garnstudio
F.nr 4311, grå/lilla:
550-650-700-750-850-900 gr
F.nr 0100, eco natur:
200-200-250-250-250-300 gr
F.nr 4434m, lilla/fiolett mix
100-100-100-100-100-100 gr

DROPS SETTP OG RUNDP (40 + 80 cm) NR 5 - eller det p.nr du må bruke for å få 17 m x 22 p glstrikk på 10 x 10 cm.
DROPS SETTP OG RUNDP (80 cm) NR 4 - til vrbord.
(Fortsett til oppskrift...)
","MØNSTER:
Se diag M.1 til M.3. Hele mønsteret strikkes i glstrikk rundt på p.

MÅLETIPS:
Pga tyngden i plagget bør alle lengdemål gjøres når arb holdes opp ellers vil genseren bli for lang når den taes på.
ØKETIPS (gjelder innsnitt + økning i siden):
Det økes 1 m ved å hente opp m fra forrige p, strikk denne m rett.
FELLETIPS (gjelder innsnitt + felling i siden):
Fell slik etter merketråden: Ta 1 m løs av p som om den skulle strikkes rett, 1 rett, løft den løse m over.
Fell slik 2 m før merketråden: 2 rett sm.
--------------------------------------------------------

BOLEN:
LES MÅLETIPS! Legg opp 240-255-282-312-348-384 m på rundp 4 med grå/lilla. Strikk vrbord = 1 r/ 2 vr. Når arb måler 8 cm byttes det til rundp 5. Strikk 1 omg rett SAMTIDIG som det felles 78-81-90-102-114-126 m jevnt fordelt = 162-174-192-210-234-258 m. Nå strikkes M.1 SAMTIDIG som det på siste omg felles 2 m jevnt fordelt i STR L (det felles ikke i de øvrige str) = 162-174-190-210-234-258 m. Etter M.1 fortsettes det med grå/lilla og glstrikk. HUSK PÅ STRIKKEFASTHETEN!  SAMTIDIG etter M.1 settes det 6 merketråder i arb slik:
1.merketråd settes på omg beg (= siden).
2. settes etter 25-27-30-34-38-42 m.
3. settes etter nye 31-33-35-37-41-45 m.
4. settes etter nye 25-27-30-34-38-42 m (= siden).
5. settes etter nye 25-27-30-34-38-42 m.
6. settes etter nye 31-33-35-37-41-45 m (det er da 25-27-30-34-38-42 m igjen på omg etter siste merketråd) - la merketrådene følge med videre oppover.
LES HELE AVSNITTET FØR DET STRIKKES! 
Når arb måler 14 cm felles det etter 2. og 5.merketråd og før 3. og 6.merketråd  LES FELLETIPS (= innsnitt foran og bak). Gjenta fellingene på hver 4½.cm totalt 5 ganger.  SAMTIDIG når arb måler 14 cm felles det 1 m på hver side av 1. og 4.merketråd (= i sidene). Gjenta fellingene i sidene på hver 6.-9.-9.-9.-9.-6.cm totalt 4-3-3-3-3-4 ganger. Etter alle fellinger er det 126-142-158-178-202-222 m på p.
Når arb måler 35-35-35-36-36-37 cm økes det etter 2. og 5.merketråd og før 
3. og 6.merketråd - LES ØKETIPS. Gjenta økningene på hver 
1.-1.-1,5.-1,5.-3,5.-3,5.cm totalt 4-4-4-3-2-2 
ganger = 
142-158-174-190-210-230 m på p. 
Når arb måler 39-40-41-42-43-44 cm strikkes M.2 - NB: avpass mønsteret etter 
midten, pil i diag markerer midterste m midt foran/midt bak - mønsteret vil 
ikke stemme i sidene. 
Når det gjenstår 1 omg i M.2 (arb måler ca 47-48-49-50-51-52 cm) felles det på siste omg 8 m i hver side til ermhull (dvs fell 4 m på hver side av 1. og 4.merketråd) = 63-71-79-87-97-107 m tilbake på for- og bakstk. Legg arb til side og strikk ermene.

ERME:
LES HELE AVSNITTET FØR DET STRIKKES!
Legg opp 54-54-54-57-57-57 m på settp 4 med grå/lilla. Strikk vrbord = 1 r/ 2 vr. Når arb måler 8 cm byttes det til settp 5. Strikk 1 omg rett SAMTIDIG som det felles 12-12-12-9-9-9 m jevnt fordelt = 42-42-42-48-48-48 m. Nå strikkes M.1. Etter M.1 fortsettes det med grå/lilla og glstrikk SAMTIDIG som det felles 1 m på 1.omg = 41-41-41-47-47-47 m. Når arb måler 14-13-13-13-14-13 cm (M.1 skal nå være avsluttet) økes det 2 m midt under ermet. Gjenta økningen på hver 3.-2½.-2½.-2½.-2.-2.cm totalt 9-11-12-11-13-15 ganger = 59-63-65-69-73-77 m. SAMTIDIG når arb måler 34 cm strikkes M.2  NB: avpass mønsteret etter midten, pil i diag markerer midterste m oppå ermet. Når det gjenstår 1 omg i M.2 (arb måler ca 42 cm i alle str) felles det på siste omg 8 m midt under ermet = 51-55-57-61-65-69 m tilbake på p. Legg arb til side og strikk 1 erme til.

BÆRESTK:
Sett ermene inn på samme rundp som bolen der det er felt m til ermhull = 228-252-272-296-324-352 m. Nå startes omg midt bak. Strikk 1 omg rett med eco natur SAMTIDIG som det felles 8-10-8-10-16-0 m jevnt fordelt = 220-242-264-286-308-352 m. Videre strikkes og felles det etter M.3  velg diag for riktig str. Etter M.3 (avslutt mønsteret ved pil i diag for riktig str) er det 110-121-132-143-154-176 m på p. Strikk 1 omg rett med lilla/fiolett mix SAMTIDIG som det felles 34-41-48-55-62-80 m jevnt fordelt = 76-80-84-88-92-96 m.

HALS:
Nå strikkes det forhøyning frem og tilbake i nakken med lilla/fiolett mix. Strikk til midt foran, sett 1 merke. Strikk 47-50-52-55-57-60 m rett fra midt foran, snu arb og strikk 18-20-20-22-22-24 m vr tilbake. Snu arb, strikk 27-30-30-33-33-36 m rett, snu arb og strikk 36-40-40-44-44-48 m vr tilbake. Snu arb, strikk 45-50-50-55-55-60 m rett, snu arb og strikk 54-60-60-66-66-72 m vr tilbake. Snu arb, strikk rett tilbake over alle m til merket. Bytt til settp 4 og strikk videre rundt. Strikk 1 omg rett SAMTIDIG som det økes 26-22-24-20-22-18 m jevnt fordelt = 102-102-108-108-114-114 m. Strikk vrbord = 1 r/ 2 vr over alle m. Fell av med r over r og vr over vr når vrborden måler 14-14-15-15-16-16 cm, målt midt foran.

MONTERING: 
Sy åpningene under ermene.","
289kr ",img/cover/c122-43-43-2.jpg,"['/drops/symbols/5.gif', '/drops/symbols/1.gif', '/drops/symbols/57.gif', '/drops/symbols/202.gif']","[' gr\xc3\xa5/lilla', ' eco natur', ' lilla/fiolett mix', ' 2 rett sammen']","[u'122-43-43-2', u'122-43-43-m']","['122-43-43-dia', '122-43-43-diag2']"
4712,DROPS 123-16 by DROPS Design,"
DROPS design: Modell nr Z-530
--------------------------------------------------------

LUE:
Størrelse: S/M - L
Hodemål: 54/56 cm - 58 cm
Materialer: DROPS ALPACA fra Garnstudio
50-50 gr f.nr 4010, perlegrå
Og bruk: DROPS KID-SILK fra Garnstudio
25-25 gr f.nr 09, perlegrå

DROPS RUNDP OG SETTP NR 4,5 (40 cm)  - eller det p.nr du må bruke for å få 14 m x 22 p hullmønster på 10 x 10 cm.
DROPS RUNDP NR 4 (40 cm) - til vrbord.
--------------------------------------------------------

HALS:
Størrelse: S/M - L/XL
Omkrets: 86 - 99 cm
Høyde: 33 - 36 cm
Materialer: DROPS ALPACA fra Garnstudio
100-150 gr f.nr 4010, perlegrå
Og bruk: DROPS KID-SILK fra Garnstudio
50-75 gr f.nr 09, perlegrå

DROPS RUNDP NR 4,5 (80 cm) - eller det p.nr du må bruke for å få 14 m x 22 p hullmønster på 10 x 10 cm.
DROPS RUNDP NR 4 (80 cm) - til vrbord.
(Fortsett til oppskrift...)
","LUE OG HALS:
HULLMØNSTER:
1.omg: * 1 kast, 2 r sm, 1 r *, gjenta fra *-*.
2.omg: rett over alle m.
Gjenta 1. og 2.omg i høyden.
--------------------------------------------------------

LUE:
Arb strikkes rundt på rundp. Legg opp 104-116 m på rundp 4 med 1 tråd Alpaca og 1 tråd Kid-Silk (= 2 tråder). Strikk vrbord 2 r/2 vr over alle m til arb måler 3 cm. Strikk 1 omg rett SAMTIDIG som det felles 38-41 m jevnt fordelt (det felles ved å strikke ca hver 2. og 3.m r sm) = 66-75 m. Bytt til rundp 4,5. Videre strikkes det HULLMØNSTER  se forkl over! HUSK PÅ STRIKKEFASTHETEN! Når arb måler 20-22 cm (avpass slik at neste omg blir 1.omg av hullmønsteret) strikkes det slik (i stedet for 1.omg av hullmønsteret): *2 r sm, 1 r *, gjenta fra *-* omg rundt = 44-50 m. Strikk 1 omg vr. Videre strikkes alle m 2 og 2 r sm = 22-25 m. Strikk 1 omg vr. Strikk alle m 2 og 2 r sm, avslutt med 1 m r i den største str = 11-13 m. Strikk 1 omg vr. Klipp trådene, trekk trådene gjennom de resterende m. Snurp sammen og fest godt. Arb måler ca 22-24 cm i høyden. 
--------------------------------------------------------

HALS:
Arb strikkes rundt på rundp. Legg opp 204- 240 m med 1 tråd Alpaca og 1 tråd Kid-Silk (= 2 tråder) på rundp 4. Videre strikkes det vrbord 2 r/2 vr over alle m. Når arb måler 5 cm strikkes det 1 omg rett SAMTIDIG som det felles 84-102 m jevnt fordelt (det felles 1 m ved å strikke 2 m r sm) = 120-138 m. Bytt til rundp 4,5. Videre strikkes det HULLMØNSTER  se forkl over. HUSK PÅ STRIKKEFASTHETEN! Når arb måler 30-33 cm byttes det tilbake til rundp 4. Neste omg strikkes slik: Rett over alle m SAMTIDIG som det økes 0-2 m jevnt fordelt = 120-140 m. Videre strikkes det vrbord 2 r/2 vr over alle m. Når vrborden måler 3 cm felles det løst av med r over r og vr over vr. Arb måler ca 33-36 cm.","
78kr ",img/cover/c123-16-16-2.jpg,[],,[u'123-16-16-2'],[]
4713,Pixie Dreams by DROPS Design,"
DROPS design: Modell nr NE-019
--------------------------------------------------------

Størrelse: 35/37 - 38/40 - 41/43 
Fotens lengde: ca 22 - 24 - 27 cm
Materialer: DROPS NEPAL fra Garnstudio
150 gr i alle str f.nr 3112, støvrosa

DROPS HEKLENÅL NR 4 - eller den nålen du må ha for å få 14 fm x 20 omg på 10 x 10 cm.
DROPS LYS TREKNAPP NR 501: 4 stk i alle str.
(Fortsett til oppskrift...)
","HEKLEINFO: 
Første fm på beg av omg/raden erstattes med 1 lm. Første st på beg av omg/raden erstattes av 3 lm. Hver omg/rad avsluttes med 1 kjm i 1./3.lm på beg av omg, (i 1./3.lm på beg av forrige rad når det hekles frem og tilbake).

MØNSTER: Se diag M.1 og M.2.
--------------------------------------------------------

FOT: 
Det startes å hekle foran på tåen på nål 4 med Nepal.
1.OMG: Hekle 3 lm og sett dem sammen til en ring med 1 kjm i første lm. 
2.OMG: Hekle 5-5-6 fm om ringen  LES HEKLEINFO!
3.OMG: Hekle 2 fm i hver fm = 10-10-12 fm.
4.OMG: Hekle *1 fm i første fm, 2 fm i neste fm*, gjenta fra *-* omg rundt = 15-15-18 fm.
5.-7.OMG: Hekle 1 fm i hver fm.
8.OMG: Hekle *1 fm i første fm, 1 fm i andre fm og 2 fm i tredje fm*, gjenta fra *-* omg rundt = 20-20-24 fm.
9.OMG: Hekle *1 fm i hver av de tre første fm, og 2 fm i fjerde fm*, gjenta fra *-* omg rundt = 25-25-30 fm.
10.OMG: Hekle *1 fm i hver av de fire første fm, og 2 fm i femte fm*, gjenta fra *-* omg rundt = 30-30-36 fm.
Fortsett med 1 fm i hver fm til arb måler 6-6-7 cm. Videre hekles det rundt etter M.1. Hekle M.1A, gjenta M.1B og avslutt med en kjm på beg av omg. Fortsett slik til arb måler ca 11-13-14 cm.

HÆL: 
Nå deles arb og det hekles frem og tilbake fra midt oppå foten  hekle etter M.2, hekle M.2A, gjenta M.2B og avslutt med M.2C
Når hele tøffelen måler ca 22-24-27 cm legges den flat og hekles sammen midt bak med en rad fm gjennom begge lag. Klipp og fest tråden.

SKAFT: 
HØYRE TØFFEL:
Hekle 1 rad med fm rundt tøffelens åpning (start midt foran), når du kommer rundt til midt foran igjen hekles det 12 lm (til klaff), snu og hekle 1 fm tilbake i hver av disse lm. Videre hekles det 1 fm i hver fm frem og tilbake til skaftet måler 8 cm. Klipp og fest tråden.
VENSTRE TØFFEL: Start med å hekle 12 lm, deretter hekles det 1 rad med fm rundt tøffelens åpning (start midt foran), når du kommer til midt foran igjen snu og hekle 1 fm i hver fm og 1 fm i hver lm. Videre hekles det 1 fm i hver fm frem og tilbake til skaftet måler 8 cm. Klipp og fest tråden.

Sy 2 pynteknapper gjennom begge lag på klaffen på hver tøffel.","
51kr ",img/cover/c123-24-24-2.jpg,"['/drops/symbols/11.gif', '/drops/symbols/150.gif', '/drops/symbols/6.gif', '/drops/symbols/229.gif', '/drops/symbols/7.gif']","[' fm', ' Hekle 1 st, men vent med siste gjennomtrekning (', ' 2 m p\xc3\xa5 n\xc3\xa5la), hekle neste st, men n\xc3\xa5r siste gjennomtrekning gj\xc3\xb8res trekkes tr\xc3\xa5den gjennom alle m p\xc3\xa5 n\xc3\xa5la.', ' lm', ' kjm', ' st']",[u'123-24-24-2'],['123-24-24-dia']
4714,Bohemian Oasis by DROPS Design,"
DROPS design: Modell nr DE-028
--------------------------------------------------------

Mål: ca 95 x 145 cm
Materialer: DROPS DELIGHT fra Garnstudio
250 gr f.nr 10, oliven/rust/plomme mix
50 gr f.nr 08, grønn/beige mix
50 gr f.nr 09, turkis/lilla mix
50 gr f.nr 11, syrin/grønn mix
Og bruk: DROPS FABEL fra Garnstudio
200 gr f.nr 400, sort

DROPS HEKLENÅL NR 5  eller den nålen du må bruke for at 1 rute skal måle 12 x 12 cm.
--------------------------------------------------------
HEKLEINFO:
Pga meleringene i garnet vil ingen ruter bli helt like, dette gir variasjon i hvert teppe.
(Fortsett til oppskrift...)
","TEPPE:
1 nøste Delight gir 10 hekleruter. 
Hekle til sammen 77 ruter i Delight. 
Teppet på bildet er heklet med 10 ruter i hver av fargene 08, 09 og 11 og 47 ruter i farge 10. 

HEKLERUTE:
Hekle 6 lm på nål 5 med Delight og sett dem til en ring med 1 kjm i første lm. 
1.OMG: 3 lm (= 1 st), hekle 15 st om ringen og avslutt med 1 kjm i 3.lm på beg av omg = 16 st.
2.OMG: 5 lm (= 1 st + 2 lm), * 1 st i neste st, 2 lm *, gjenta fra *-* omg rundt og avslutt med 1 kjm i 3.lm på beg av omg = 16 st med 2 lm mellom hver.
3.OMG: 1 kjm om første lm-bue, 3 lm (= 1 st), 2 st om samme lm-bue, * 1 lm, 3 st om neste lm-bue *, gjenta fra *-* omg rundt og avslutt med 1 lm og 1 kjm i 3.lm på beg av omg.
4.OMG: 1 kjm i hver av de 2 første st, 1 lm, 1 fm om første lm (fra forrige omg), * 3 lm, 1 fm om neste lm, 6 lm, 1 fm om neste lm, 3 lm, 1 fm om neste lm, 3 lm, 1 fm om neste lm *, gjenta fra *-* totalt 4 ganger, men avslutt med 1 kjm i fm på beg av omg (istedenfor om neste lm).
5.OMG: 1 kjm om første 3-lm-bue, 3 lm (= 1 st), 2 st om samme lm-bue, videre hekles det 5 st + 2 lm + 5 st om hver 6-lm-bue (= hjørne), og 3 st om hver 3-lm-bue omg rundt, avslutt med 1 kjm i 3.lm på beg av omg. Klipp og fest tråden.

MONTERING:
LES HEKLEINFO! Plassér rutene med 7 ruter i bredden og 11 rader i høyden. Hekle rutene sammen med Fabel - rutene hekles først sammen på langs og deretter på tvers slik:
Legg 2 ruter vrang mot vrang og hekle sammen fra retten slik: 
1 fm om hjørnet på første rute, 1 lm, 1 fm om hjørnet på neste rute, 1 lm, 1 fm i neste m på første rute, 1 lm, 1 fm i neste m på andre rute, 1 lm, 1 fm i neste m på første rute, 1 lm, 1 fm i neste m på andre rute osv, avslutt når det er heklet 1 fm i siste hjørne på begge rutene, klipp og fest tråden. NB: Pass på at det blir pene overganger mellom hver rute når rutene hekles sammen på langs.

HEKLET KANT:
Hekle en avsluttende kant rundt hele teppet på nål 5 med Fabel slik  start i et hjørne og hekle fra retten:
1.OMG: 1 lm, videre hekles det 1 fm i hver m omg rundt (dvs 1 fm i hver st, 1 fm i hvert hjørne på selve rutene, 2 fm i hver overgang mellom hver rute og 2 fm i hvert hjørne på selve teppet), avslutt med 1 kjm i første lm på beg av omg.
2.OMG: 3 lm, (= 1 st), videre hekles det 1 st i hver fm omg rundt men hekle 2 st i hver av de 2 fm i hvert hjørne på teppet = 4 st i hjørnene, avslutt med 1 kjm i 3.lm på beg av omg.
3.OMG: 3 lm (= 1 st), videre hekles det 1 st i hver st men hekle 2 st i hver av de 4 st i hvert hjørne på teppet = 8 st i hvert hjørne, avslutt med 1 kjm i 3.lm på beg av omg.
4.OMG: 3 lm, * hopp over 3 st, 1 fm i neste st, hopp over 3 st, 10 st i neste st *, gjenta fra *-* omg rundt  tilpass slik at det kommer en bue i hvert hjørne.","
															332kr															",img/cover/c124-1-1-2.jpg,[],,"[u'124-1-1-2', u'124-1-1-c']",[]
4715,Dream of Roses by DROPS Design,"
DROPS design: Modell nr EE-299
--------------------------------------------------------

Mål: ca 45 cm x 45 cm
Materialer: DROPS ESKIMO fra Garnstudio
600 gr f.nr 08, rød
300 gr f.nr 26, pink

DROPS PINNE NR 8 - eller det p.nr du må ha for å få 12 m x 16 p på 10 x 10 cm.
DROPS HEKLENÅL NR 6  til blomster
(Fortsett til oppskrift...)
","FARGER:
Det hekles 16 blomster i 4 ulike fargekombinasjoner slik:
BLOMST A: Hekle 4 stk: 
Omg 1-6: Hekle med pink.
Omg 7-8: Hekle med rød
BLOMST B: Hekle 4 stk:
Omg 1-6: Hekle med rød.
Omg 7-8: Hekle med pink.
BLOMST C: Hekle 4 stk:
Omg 1-4: Hekle med rød.
Omg 5-8: Hekle med pink.
BLOMST D: Hekle 4 stk.
Omg 1-4: Hekle med pink.
Omg 5-8: Hekle med rød.
MØNSTER: M.1 viser hvordan blomstene syes sammen.
--------------------------------------------------------

PUTEN: 
Legg opp 56 m på p 8 med rød. Strikk glstrikk med 1 kantm i hver side til arb måler 90 cm. Brett puten dobbelt og sy sammen i hver side, innenfor 1 kantm. Fyll med en innerpute og sy den siste siden.

HEKLEBLOMST: 
Det hekles 16 blomster  se FARGER over!
Hekle på nål 6 med Eskimo slik: Hekle 4 lm og sett dem til 1 ring med 1 kjm i 1.lm. 
1.OMG: * 1 fm om ringen, 3 lm *, gjenta fra *-* totalt 3 ganger og avslutt med 1 kjm i første fm på beg av omg = 3 lm-buer.
2.OMG: Hekle slik i hver lm-bue: 1 kjm, 5 st og 1 kjm = 3 Blader. Snu arb - neste omg hekles fra blomstens bakside. 
3.OMG: 1 lm, 1 fm rundt første fm fra 1.omg, 3 lm, 1 fm nederst mellom den 3. og 4.st på første blad fra 2.omg, 3 lm, 1 fm nederst mellom den 1. og 2.st i andre blad fra 2.omg, 3 lm, 1 fm nederst mellom den 5.st og kjm i andre blad fra 2.omg, 3 lm, 1 fm nederst mellom den 1. og 2.st i tredje blad fra 2.omg, 3 lm, 1 kjm i første lm på beg av omg = 5 lm-buer. Snu arb - neste omg hekles fra blomstens forside. 
4.OMG: Hekle slik i hver lm-bue: 1 kjm, 6 st og 1 kjm = 5 Blader. Snu arb - neste omg hekles fra blomstens bakside. 
5.OMG: 1 lm, 1 fm rundt første fm fra 3.omg, 3 lm, 1 fm nederst i den 5.st i første blad fra 4.omg, 3 lm, 1 fm nederst i den 4.st i andre blad fra 4.omg, 3 lm, 1 fm nederst i den 3.st i tredje blad fra 4.omg, 3 lm, 1 fm nederst i den 2.st i fjerde blad fra 4.omg, 3 lm, 1 fm nederst i den 1.st i femte blad fra 4.omg, 3 lm, 1 kjm i første lm på beg av omg = 6 lm-buer. Snu arb - neste omg hekles fra blomstens forside. 
6.OMG: Hekle slik i hver lm-bue: 1 kjm, 6 st og 1 kjm = 6 Blader. Snu arb - 
neste omg hekles fra blomstens bakside. 
7.OMG: 1 lm, 1 fm rundt første fm fra 5.omg, 3 lm, 1 fm nederst i den 5.st i første blad fra 6.omg, 3 lm, hekle 1 fm nederst i den 3.st i andre blad fra 6.omg, 3 lm, 1 fm nederst i den 2.st i tredje blad fra 6.omg, 3 lm, 1 fm nederst i den 6.st i tredje blad fra 6.omg, 3 lm, 1 fm nederst i den 5.st i fjerde blad fra 6.omg, 3 lm, 1 fm nederst i den 3.st i femte blad fra 6.omg, 3 lm, 1 fm nederst i den 2.st i sjette blad fra 6.omg, 3 lm, 1 kjm i første lm på beg av omg = 8 lm-buer. Snu arb - neste omg hekles fra blomstens forside. 
8.OMG: Hekle slik i hver lm-bue: 1 kjm, 6 st og 1 kjm = 8 Blader. Klipp og fest trådene. 

Blomstene syes sammen etter M.1, sy sammen i 5.omg slik at alle blomstene danner en firkant. Sy firkanten fast til puten, sy i hvert hjørne og midt på.","
														360kr														",img/cover/c124-6-6-2.jpg,[],,[u'124-6-6-2'],['124-6-6-d']
4716,DROPS 124-10 by DROPS Design,"
DROPS design: Modell Nr EE-335  
--------------------------------------------------------

Mål før toving: ca 39 cm bred x 46 cm høy. 
Mål etter toving: ca 26 cm bred x 31 cm høy. 
Materialer: DROPS ESKIMO fra Garnstudio	
100 gr.nr 39, drueblåmix
50 gr f.nr 47, lys beigemix	
50 gr f.nr 48, beigemix
50 gr f.nr 21, blåfiolett	
50 gr f.nr 54, mellomlilla

DROPS RUNDP NR 9 (80 cm) 
eller den p du må ha for å få 10 m x 14 p glstrikk på 10 x 10 cm (= 15 m x 21 p glstrikk på 10 x 10 cm etter toving).
DROPS HEKLENÅL NR 6 - til rosen.
(Fortsett til oppskrift...)
","RILLER (frem og tilbake på p): 
1 rille = 2 p rett.
STRIPEMØNSTER: 
Det strikkes striper i de ulike farger slik:
1 omg drueblåmix, 2 omg lys beigemix, 2 omg drueblåmix, 3 omg beigemix, 8 omg drueblåmix, 1 omg beigemix, 3 omg lys beigemix, 4 omg drueblåmix, 2 omg beigemix, 2 omg drueblåmix, 2 omg mellomlilla, 2 omg drueblåmix, 1 omg mellomlilla, 5 omg blåfiolett, 3 omg drueblåmix, 5 omg lys beigemix, 2 omg drueblåmix, 1 omg lys beigemix, 3 omg beigemix, 3 omg drueblåmix, 4 omg mellomlilla, 2 omg drueblåmix, 2 omg blåfiolett, 2 omg drueblåmix (= total 65 omg).
--------------------------------------------------------

VESKEN: 
Vesken strikkes rundt på rundp. Legg opp 90 m på rundp 9 med drueblåmix. 
Strikk glstrikk. Strikk striper  se forkl på stripemønster over. HUSK PÅ STRIKKEFASTHETEN! Etter siste stripe måler arb ca 46 cm, fell av. Sy vesken sammen kant i kant i bunnen. 
Skulderrem: Strikk opp 8 m på p 9 med drueblåmix langs kanten opp i den ene siden av vesken. Strikk RILLER - se forkl over -  frem og tilbake i 90 cm, fell av og sy remmen fast i den andre siden. 

TOVING: Legg vesken i vaskemaskinen med et vaskemiddel uten enzymer og optiske blekemidler. Vask på 40 grader med vanlig sentrifuge uten forvask. Etter vask formes vesken til riktig mål mens den ennå er våt. Senere vaskes vesken som et vanlig ullplagg. 

HEKLEROSE: 
Hekle på nål 6. Start med mellomlilla Eskimo slik: Hekle 4 lm og sett dem til 1 ring ved å hekle 1 kjm i første lm.
1.omg: *1 fm om ringen, 3 lm ,* gjenta fra *-* totalt 3 ganger og avslutt med 1 kjm i første fm på beg av omg = 3 lm-buer.
2.omg: Hekle slik i hver lm-bue: 1 kjm, 5 st og 1 kjm = 3 Blader. Snu arb - neste omg hekles fra blomstens bakside. 
3.omg: 1 lm, hekle 1 fm rundt første fm fra 1.omg, 4 lm, hekle 1 fm nederst midt i det første blad fra 2.omg, * deretter 4 lm, hekle 1 fm rundt neste fm fra 1.omg, deretter 4 lm, hekle 1 fm nederst midt i det neste blad fra 2.omg *, gjenta *-* til det i alt er 5 lm-buer avslutt med 4 lm og 1 kjedem i den første fm på omg = 6 lm-buer. Snu arb - neste omg hekles fra blomstens forside. Bytt til blåfiolett.
4.omg: Hekle slik i hver lm-bue: 1 kjm, 6 st og 1 kjm = 6 Blader. Klipp og fest trådene.  Sy blomsten på vesken etter at vesken er tovet.","
														120kr														",img/cover/c124-10-10-2.jpg,[],,"[u'124-10-10-2', u'124-10-10-c']",[]
4717,DROPS 124-11 by DROPS Design,"
DROPS design: Modell nr EE-336  
--------------------------------------------------------

Mål før toving: ca 39 cm bred x 46 cm høy. 
Mål etter toving: ca 26 cm bred x 31 cm høy. Materialer: DROPS ESKIMO fra Garnstudio
200 gr f.nr 47, lys beigemix	
150 gr f.nr 48, beigemix
50 gr f.nr 23, mulvarp 

DROPS RUNDP NR 9 (80 cm) -
eller den p du må ha for å få 10 m x 14 p glstrikk på 10 x 10 cm før toving (= 15 m x 21 p glstrikk på 10 x 10 cm etter toving) 
DROPS HEKLENÅL NR 6 - til rosen.
(Fortsett til oppskrift...)
","RILLER (frem og tilbake på rundp): 
1 rille = 2 p rett.
--------------------------------------------------------

VESKEN: 
Vesken strikkes rundt på rundp. Legg opp 90 m på rundp 9 med lys beigemix. Strikk glstrikk. HUSK PÅ STRIKKEFASTHETEN! Når arb måler 29 cm strikkes 
2 omg med beigemix, 4 omg med lys beigemix,  deretter strikkes ferdig med beigemix. Når arb måler 46 cm felles av. 
Sy vesken sammen kant i kant i bunnen. 
Skulderrem: Strikk opp 8 m på p 9 med beigemix  langs kanten opp i den ene siden av vesken. Strikk RILLER - se forkl over - frem og tilbake i 90 cm, fell av og sy remmen fast i den andre siden. 

TOVING: 
Legg vesken i vaskemaskinen med et vaskemiddel uten enzymer og optiske blekemidler. Vask på 40 grader med vanlig sentrifuge uten forvask. Etter vask formes vesken til riktig mål mens den ennå er våt. Senere vaskes vesken som et vanlig ullplagg. 

HEKLEROSE: 
Hekle på nål 6. Start med lys beigemix Eskimo slik: Hekle 4 lm og sett dem til 1 ring ved å hekle 1 kjm i første lm.
1.omg: *1 fm om ringen, 3 lm ,* gjenta fra *-* totalt 3 ganger og avslutt med 1 kjm i første fm på beg av omg = 3 lm-buer.
2.omg: Hekle slik i hver lm-bue: 1 kjm, 5 st og 1 kjm = 3 Blader. Snu arb - neste omg hekles fra blomstens bakside. 
3.omg: 1 lm, hekle 1 fm rundt første fm fra 1.omg, 4 lm, hekle 1 fm nederst midt i det første blad fra 2.omg, * deretter 4 lm, hekle 1 fm rundt neste fm fra 1.omg, deretter 4 lm, hekle 1 fm nederst midt i det neste blad fra 2.omg *, gjenta *-* til det i alt er 5 lm-buer avslutt med 4 lm og 1 kjedem i den første fm på omg = 6 lm-buer. Snu arb - neste omg hekles fra blomstens forside. Bytt til beigemix.
4.omg: Hekle slik i hver lm-bue: 1 kjm, 6 st og 1 kjm = 6 Blader. Snu arb - neste omg hekles fra blomstens bakside. 
5.omg: 1 lm, hekle 1 fm rundt første fm fra 3.omg, * 5 lm, hekle 1 fm nederst rundt neste fm fra 3.omg *, gjenta *-* til det i alt er 5 lm-buer, avslutt med 5 lm og 1 kjedem i den første fm på omg = 6 lm-buer. Snu arb - neste omg hekles fra blomstens forside. Bytt til mulvarp.
6.omg: Hekle slik i hver lm-bue: 1 kjm, 6 st og 1 kjm = 6 Blader. Klipp og fest trådene. Sy blomsten til vesken etter at vesken er tovet.","
														160kr														",img/cover/c124-11-11-2.jpg,[],,[u'124-11-11-2'],[]
4718,DROPS 124-14 by DROPS Design,"
DROPS design: Modell nr DE-012
--------------------------------------------------------

Mål: ca 45 x 45 cm
Materialer: DROPS DELIGHT fra Garnstudio
200 gr f.nr 05, beige/grå/rosa mix

DROPS SETTP OG RUNDP (60 cm) NR 3,5 - eller det p.nr du må bruke for å få 23 m x 46 p rillestrikk på 10 x 10 cm.
(Fortsett til oppskrift...)
","RILLE (rundt på settp/rundp):
1 rille = 2 omg. 1 omg rett og 1 omg vrang. 
--------------------------------------------------------

PUTE:
Det strikkes 2 like ruter som sys sammen i sidene til slutt.

RUTE:
Arb strikkes rundt på settp/rundp. 
Legg opp 8 m på settp 3,5 med Delight. Fordel m på 4 stk p slik at det blir 2 m pr p. Strikk 1 omg rett. Sett 1 merketråd i den 1.m, 3.m, 5.m og 7.m. 
M med merketråd strikkes rett på hver omg, de øvrige m strikkes i RILLER - se forkl over.
Strikk rundt og rundt på settp SAMTIDIG som det økes 1 m på hver side av hver m med merketråd (= 8 økninger) på hver 2.omg. Det økes ved å lage ett kast, på neste omg strikkes kastet vridd (dvs strikk i bakre del av m istedenfor i fremre) for å unngå hull. 
NB! omg starter med 1 r (m med merketråden) og avsluttes med 1 kast. HUSK PÅ STRIKKEFASTHETEN! Når det er nok m byttes det til rundp 3,5.
Fortsett slik til der er totalt 416 m på p. Fell av. Strikk en rute til på samme måte.

MONTERING:
Legg rutene oppå hverandre, begge med retten ut. Sy sammen 2 av sidene kant i kant i ytterste ledd av ytterste m med små sting slik at det ikke blir en tykk kant. Fyll med en innerpute og sy deretter sammen den siste siden.","
														120kr														",img/cover/c124-14-14-2.jpg,[],,[u'124-14-14-2'],[]
4719,DROPS 124-16 by DROPS Design,"
DROPS design: Modell nr DE-017
--------------------------------------------------------

Størrelse: S - M - L - XL - XXL - XXXL
Materialer: DROPS DELIGHT fra Garnstudio
F.nr 05, beige/grå/rosa mix:
600-650-750-800-900-950 gr

DROPS RUNDP NR 5 (80 cm) - eller det p.nr du må bruke for å få 17 m x 22 p glstrikk med 2 tråder på 10 x 10 cm.
DROPS RUNDP NR 4,5 - til vrbord.
DROPS BØFFELHORNKNAPP, nr 538: 
4-4-4-5-5-5 stk.
(Fortsett til oppskrift...)
","RILLE (frem og tilbake på rundp):
1 rille = 2 pinner rett.

STRIKKETIPS:
For å unngå at stolpen trekker seg sammen i høyden pga rillene kan det strikkes ekstra p kun over stolpen med jevne mellomrom: 
* Start fra midt foran og strikk rett over de 9 stolpm, snu arb, ta 1.m løs av p, stram tråden og strikk tilbake over stolpen *. Videre strikkes det over alle m som før. Gjenta fra *-* med jevne mellomrom.

FELLETIPS (gjelder halsringningen): 
Det felles til hals innenfor de 9 stolpem. 
Alle fellinger skjer fra retten!
Fell slik etter 9 stolpe-m: Ta 1 m løs av p som om den skulle strikkes rett, 1 rett, løft den løse m over. 
Fell slik før 9 stolpe-m: 2 rett sammen.

KNAPPHULL:
Det felles til knapphull på høyre forstk. 
1 KNAPPHULL = strikk fjerde og femte m fra midt foran rett sammen og lag 1 kast.
Fell til knapphull når arb måler:
STR S: 24, 36, 48 og 60 cm.
STR M: 24, 36, 48 og 60 cm.
STR L: 24, 36, 48 og 60 cm.
STR XL: 22, 32, 42, 52 og 62 cm.
STR XXL: 22, 33, 43, 54 og 64 cm.
STR XXXL: 23, 33, 44, 54 og 65 cm.
--------------------------------------------------------

JAKKE:

BAKSTK: 
Arb strikkes frem og tilbake på rundp. 
Legg opp 134-142-150-166-174-190 m (inkl 1 kantm i hver side) på rundp 4,5 med 2 tråder Delight. Strikk 1 p vrang fra vrangen, deretter strikkes neste p slik fra retten:
STR S + L + XL: 1 kantm i RILLE, * 4 r, 4 vr *, gjenta fra *-* til det gjenstår 5 m og avslutt med 4 r og 1 kantm i RILLE.
STR M + XXL + XXXL: 1 kantm i RILLE, * 4 vr, 4 r *, gjenta fra *-* til det gjenstår 5 m og avslutt med 4 vr og 1 kantm i RILLE.
Fortsett vrborden slik til arb måler 12 cm. Bytt til rundp 5 og strikk glstrikk (kantm fortsettes i rille)  SAMTIDIG på 1.p felles det 46-48-48-54-52-58 m jevnt fordelt = 88-94-102-112-122-132 m. Når arb måler 13 cm felles det 1 m i hver side, gjenta fellingen i hver side på hver 3½.cm totalt 11 ganger = 66-72-80-90-100-110 m. HUSK PÅ STRIKKEFASTHETEN! Når arb måler 53 cm økes det 1 m i hver side, gjenta økningen i hver side på hver 4.cm totalt 4 ganger = 74-80-88-98-108-118 m. Når arb måler 67-69-71-73-75-77 cm felles det til ermhull på beg av hver p i hver side: 3 m 1-1-1-1-2-3 ganger, 2 m 0-1-2-3-4-5 ganger og 1 m 3-3-4-6-5-4 ganger = 62-64-66-68-70-72 m. Når arb måler 85-88-91-94-97-100 cm felles de midterste 18-18-20-20-22-22 m av til hals og hver skulder strikkes ferdig for seg. Videre felles det 1 m på neste p fra halsen = 21-22-22-23-23-24 m tilbake på skulderen. Fell av når arb måler 87-90-93-96-99-102 cm. 

HØYRE FORSTK: 
Legg opp 74-78-82-90-94-102 m (inkl 9 stolpem mot midt foran og 1 kantm i siden) på rundp 4,5 med 2 tråder Delight. Strikk 1 p vrang fra vrangen, deretter strikkes neste p slik fra retten  LES STRIKKETIPS:
STR S + L + XL: 9 stolpem som strikkes i RILLE - se forkl over - til ferdig mål, * 4 r, 4 vr *, gjenta fra *-* til det gjenstår 1 m og avslutt med 1 kantm i rille.
STR M + XXL + XXXL: 9 stolpem som strikkes i RILLE  se forkl over - til ferdig mål, * 4 r, 4 vr *, gjenta fra *-* til det gjenstår 5 m og avslutt med 4 r og 1 kantm i rille.

Fortsett vrborden slik til arb måler 12 cm. Bytt til rundp 5 og strikk glstrikk (stolpen og kantm strikkes i rille som før)  SAMTIDIG på 1.p felles det 21-22-22-25-24-27 m jevnt fordelt over vrborden = 53-56-60-65-70-75 m. HUSK KNAPPHULL PÅ STOLPEN  se forkl over. 
Når arb måler 13 cm starter fellingene i siden som på bakstk = 42-45-49-54-59-64 m. Når arb måler 53 cm starter økningen i siden som på bakstk. 
SAMTIDIG når arb måler 62-62-62-64-66-67 cm strikkes det 1 rille frem og tilbake over kun de ytterste 9 stolpem (de øvrige m strikkes ikke), deretter strikkes det videre over alle m igjen. SAMTIDIG på 1.p fra retten felles det nå til hals  LES FELLETIPS: 1 m på hver 4.p (dvs på annenhver p fra retten) totalt 8-8-8-8-9-9 ganger og deretter på hver 6.p totalt 2-2-3-3-3-3 ganger. 
SAMTIDIG når arb måler 67-69-71-73-75-77 cm felles det til ermhull i siden som på bakstk (fell på beg av hver p fra siden).
Etter alle fellinger er det 30-31-31-32-32-33  m tilbake på p. Fortsett med glstrikk og stolpen i riller til arb måler 87-90-93-96-99-102 cm. På neste p fra vrangen felles de ytterste 21-22-22-23-23-24 m på skulderen av = 9 stolpem tilbake på p, strikk ut p og snu arb. Strikk riller videre over disse 9 m fra midt foran slik: * 1 rille frem og tilbake over de første 7 m, 1 rille frem og tilbake over alle m *, gjenta fra *-* til halskanten måler ca 8-8-8½- 8½-9-9 cm på det korteste, fell av. 

VENSTRE FORSTK: 
Legg opp og strikk som høyre forstk, men motsatt. NB: Det felles ikke til knapphull på venstre stolpe!

ERME: 
Det strikkes frem og tilbake på rundp.
Legg opp 58-58-58-66-66-66 m (inkl 1 kantm i hver side) på rundp 4,5 med 2 tråder Delight. Strikk 1 p vrang fra vrangen, deretter strikkes det vrbord = 4 r/ 4 vr med 1 kantm rille i hver side. Når arb måler 12 cm byttes det til rundp 5. Strikk glstrikk frem og tilbake (kantm fortsettes i rille) - SAMTIDIG på 1.p felles det 14-13-11-15-13-10 m jevnt fordelt = 44-45-47-51-53-56 m. Når arb måler 13 cm økes det 1 m i hver side, gjenta økningen på hver 4.-3½.-3.-3.-2½.-2. cm totalt 9-10-12-12-13-14 ganger = 62-65-71-75-79-84 m. Når arb måler 48-48-48-47-45-43 cm - NB! Kortere mål i de større str pga lengre ermtopp og bredere skuldervidde - felles det til ermtopp på beg av hver p i hver side slik: 3 m 1 gang, 2 m 3 ganger og 1 m 1-2-2-4-6-8 ganger. Videre felles det 2 m på beg av hver p i hver side til arb måler 55-56-56-57-57-57 cm, deretter felles det 3 m på beg av de 2 neste p. Fell de resterende m, arb måler ca 56-57-57-58-58-58 cm. 

MONTERING: 
Sy skuldersømmene. Sy halskanten sammen midt bak med maskesting (sy innenfor avfellingskanten) og sy halskanten pent til halsringningen bak i nakken  sy kant i kant med små pene sting. Sy i ermene. Sy erm- og sidesømmene i ett innenfor 1 kantm. Sy i knappene på venstre forstk.","
														360kr														",img/cover/c124-16-16-2.jpg,[],,[u'124-16-16-2'],['124-16-16-d']
4720,DROPS 124-20 by DROPS Design,"
DROPS design: Modell nr DE-036 
--------------------------------------------------------
Mål: Ca 106 cm x 132 cm.
Materialer: DROPS DELIGHT fra Garnstudio
500 gr f.nr 02, plomme/beige/lyng mix
Og bruk: DROPS ALPACA fra Garnstudio
250 gr f.nr 3800, gammelrosa 
150 gr f.nr 0618m eco, lys beige mix
150 gr f.nr 6736m, blålilla mix

DROPS PINNE og RUNDP (80 cm) nr 6 - eller det p.nr du må bruke for å få 16 m x 24 p med ulike mønster og 1 tråd av hver kvalitet på 10 x 10 cm. Hver rute skal være ca 23 cm bred x 24 cm høy.
(Fortsett til oppskrift...)
","GARNBYTTETIPS: 
For at fargeovergangene i Delight skal bli pene når det byttes nøste, er det viktig og finne et nøste som starter med den fargen det forrige sluttet med. 

FARGER PÅ RUTENE:
A = Delight + blålilla mix Alpaca
B = Delight + lys beige mix Alpaca
C = Delight + gammelrosa Alpaca 
Se Fig 1 for hvordan rutene skal strikkes i forhold til hverandre.

MØNSTER: 
Det strikkes 4 ulike mønster på rutene  se forkl under. 

M.1 STRIKKES SLIK:  
Strikk 5 p rett over alle m (1.p = retten). Neste p strikkes slik (fra vrangen): 3 r, 3 vr, 2 r, 4 vr, 2 r, 3 vr, 3 r, 3 vr, 2 r, 4 vr, 2 r, 3 vr og 3 r. På neste p økes det 16 m jevnt fordelt slik: * 3 r, strikk 2 r i hver av de 3 neste m, 2 r, strikk 2 r i neste m, 2 r, strikk 2 r i neste m, 2 r, strikk 2 r i hver av de 3 neste m *, gjenta fra *-* en gang til, avslutt med 3 r = 53 m. Fortsett med diag M.1 med 3 m riller i hver side (1.p = vrangen). På første p etter M.1 felles det 16 m jevnt fordelt slik: * 3 r, 2 r sm, 2 r sm, 2 r sm, 2 r, 2 r sm, 2 r, 2 r sm, 2 r, 2 r sm, 2 r sm, 2 r sm *, gjenta fra *-* en gang til, avslutt med 3 r = 37 m. Strikk 3 p rett.  

M.2, M.3 og M.4 STRIKKES SLIK: 
Strikk 4 p rett over alle m. Fortsett med M.2, M.3 eller M.4 med 3 m riller i hver side (1.p = retten). Når diagrammet er strikket ferdig strikkes 4 p rett over alle m. 
-------------------------------------------------------- 

TEPPE: 
Arb strikkes frem og tilbake på p i 4 remser som sys sammen etterpå. 
Hver remse består av 5 ruter, rutene strikkes i 4 ulike strukturer og med 3 ulike fargekombinasjoner  se forkl på mønster og farger over. LES GARNBYTTETIPS! 

REMSE 1: 
Legg opp 37 m med 1 tråd Delight + 1 tråd blålillamix Alpaca. Strikk M.1 etter forkl over. Bytt Alpaca-tråden til lys beige mix, strikk M.2 etter forkl over. Bytt Alpaca-tråden til gammelrosa, strikk M.3 etter forkl over. Bytt Alpaca-tråden til blålillamix, strikk M.4 etter forkl over. Bytt Alpaca tråden til lys beige mix, strikk M.1 etter forkl over. Sett m på 1 tråd og legg arb tilside. 

REMSE 2: 
Strikk som remse 1, men med mønster og fargebytter som vist i Fig.1  dvs at det startes med gammelrosa Alpaca og M.2.

REMSE 3: 
Strikk som remse 1, men med mønster og fargebytter som vist i Fig.1  dvs at det startes med beige mix Alpaca og M.3.

REMSE 4: 
Strikk som remse 1, men med mønster og fargebytter som vist i Fig.1  dvs at det startes med blålilla mix Alpaca og M.4.

MONTERING:
Sy sammen remsene kant i kant med Delight og 1 sting i hver rille.

AVSLUTNINGSKANT: 
Det strikkes nå 1 kant ut fra hver side av teppet som sys sammen i hjørnene tilslutt.
Alle kantene strikkes i riller frem og tilbake på rundp 6 med Delight + gammelrosa Alpaca.   
KORTSIDEN ØVERST: 
Sett alle m fra trådene øverst på hver remse på rundp 6 = 148 m. Strikk riller frem og tilbake  start fra vrangen - SAMTIDIG på 2.p økes det 1 m i hver side til hjørne ved å lage 1 kast på innsiden av ytterste m  på neste p strikkes kastet vridd rett for å unngå hull (dvs at det strikkes i bakre m-bue istedenfor i fremre). Gjenta økningen på hver 2.p til det er strikket 10 riller. På neste p fra retten felles det løst av. 
KORTSIDEN NEDERST:
Strikk opp (fra retten) 1 m i hver av m fra oppleggskanten på alle remsene = 148 m. Videre strikkes det som kortsiden øverst.
DEN ENE LANGSIDEN: 
Strikk opp (fra retten) 1 m ytterst i hver rille oppover langs den ene langsiden = 150 m. Strikk 1 p rett tilbake SAMTIDIG som det økes 30 m jevnt fordelt ved å lage 1 kast for hver 5.m  på p tilbake strikkes kastene vridd rett for å unngå hull. Videre strikkes det som kortsidene med samme økning i hver side til hjørne.
Gjenta langs den andre langsiden. 

MONTERING:
Sy alle hjørnene sammen kant i kant med 1 sting i hver rille.","
575kr ",img/cover/c124-20-20-2.jpg,"['/drops/symbols/1.gif', '/drops/symbols/45.gif', '/drops/symbols/605.gif', '/drops/symbols/608.gif', '/drops/symbols/208.gif', '/drops/symbols/209.gif', '/drops/symbols/315.gif']","[' rett fra retten, vrang fra vrangen.', ' vrang fra retten, rett fra vrangen.', ' sett 3 m p\xc3\xa5 hj.p bak arb, 3 r, 3 r fra hj.p\r', ' sett 3 m p\xc3\xa5 hj.p foran arb, 3 r, 3 r fra hj.p\r', ' 2 r sm, 1 kast', ' 1 kast, ta 1 m l\xc3\xb8s av p som om den skulle strikkes r, 1 r, l\xc3\xb8ft den l\xc3\xb8se m over', ' 1 kast, ta 1 m l\xc3\xb8s av p som om den skulle strikkes r, 2 r sm, l\xc3\xb8ft den l\xc3\xb8se m over, 1 kast']","[u'124-20-20-2', u'124-20-20b-2']","['124-20-20-dia', '124-20-20-diag2']"
4721,DROPS 125-10 by DROPS Design,"
DROPS design: Modell nr EE-323  
--------------------------------------------------------

Størrelse: S - M - L - XL - XXL - XXXL
Materialer: DROPS ESKIMO fra Garnstudio
Farge nr 01, natur:
900-1000-1100-1200-1350-1450 gr.  

DROPS PINNE OG RUNDP (80 cm) NR 8 - eller det p.nr du må bruke for å få 11 m x 15 p glstrikk på 10 x 10 cm eller 13 m mønster på 10 cm i bredden. 
DROPS RUNDP NR 7 (60 cm) - til hals.
(Fortsett til oppskrift...)
","MØNSTER:
Se diag M.1. Diag viser mønsteret sett fra retten.
RILLE (rundt på rundp):
1 rille = 2 omg. 1 omg rett og 1 omg vrang.

ØKETIPS-1:
Det økes 1 m ved å lage 1 kast. På neste omg strikkes kastet vridd (dvs i bakre del av m istedenfor i fremre) for å unngå hull.
ØKETIPS-2:
Det økes 1 m innenfor 1 kantm ved å lage 1 kast. På neste omg strikkes kastet vridd (dvs det strikkes i bakre del av m istedenfor i fremre, for å unngå hull). Videre strikkes de økte m fortløpende inn i M.1.
--------------------------------------------------------

BOLEN:
Arb strikkes rundt på rundp.
Legg opp 97-106-117-128-143-152 m på rundp 8 med Eskimo. Strikk 3 RILLER - se forkl over. SAMTIDIG på siste p økes det 17-20-21-22-25-28 m jevnt fordelt - Les ØKETIPS-1! = 114-126-138-150-168-180 m. Sett 1 merketråd i den 1.m og en merketråd i den 57.-63.-69.-75.-84.-90.m på omg. Videre strikkes M.1 rundt og rundt. HUSK PÅ STRIKKEFASTHETEN! Fortsett slik til arb måler 62 cm. Nå felles det 5 m i hver side til ermhull (m med merketråd er den midterste av de 5 m i hver side). Klipp tråden. Videre strikkes hvert del ferdig for seg.

BAKSTK:
= 52-58-64-70-79-85 m. Fortsett videre med mønster som før SAMTIDIG som det felles til ermhull på beg av hver p i hver side: 2 m 1-2-2-4-5-7 ganger og 1 m 1-2-2-1-2-1 ganger = 46-46-52-52-55-55 m. Fortsett videre til arb måler 79-80-81-82-83-84 cm. Nå felles de midterste 20-20-22-22-23-23 m av til hals. Videre på neste p felles det 1 m i hver side mot halsen = 12-12-14-14-15-15 m igjen på hver skulder. Fortsett videre til arb måler 82-83-84-85-86-87 cm. Fell av.

FORSTK:
= 52-58-64-70-79-85 m. Fortsett videre med mønster og fell til ermhull i hver side som på bakstk = 46-46-52-52-55-55 m. Når arb måler 79 cm settes de midterste 18-18-18-18-19-19 m på 1 tråd til hals og hver del strikkes ferdig for seg. Videre felles det på hver 2.p mot halsen: 2 m 1 ganger og 1 m 0-0-1-1-1-1 ganger = 12-12-14-14-15-15 m igjen på skulderen. Fortsett videre til arb måler 82-83-84-85-86-87 cm. Fell av.

ERME:
Ermet strikkes frem og tilbake på p.
Legg opp 27-28-29-30-31-32 m (inkl 1 kantm i hver side) på p 8 med Eskimo.
Strikk 3 RILLER - se forkl over. SAMTIDIG på siste p økes det 2-4-6-8-7-9 m jevnt fordelt = 29-32-35-38-38-41 m. Videre strikkes M.1 med 1 kantm i hver side. Når arb måler ca 7 cm økes det 1 m i hver side, gjenta på hver 4½.-4½.-4.-4.-3.-3.cm totalt 9-9-9-9-12-12 ganger - Les ØKETIPS-2! = 47-50-53-56-62-65 m.
Fortsett videre til arb måler ca 48-47-45-45-43-43 cm (NB! Kortere mål i de større str pga lengre ermtopp og bredere skuldervidde). Nå felles det 3 m i hver side til ermtopp. Videre felles det på beg av hver p i hver side: 2 m 2-2-3-3-4-4 ganger og 1 m 0-0-0-1-1-0 ganger. Videre felles det 2 m i beg av hver p i hver side til arb måler ca 55-56-54-55-55-56 cm. Nå felles det 3 m i hver side 1 gang. Arb måler nå ca 57-58-56-57-57-58 cm. Fell av de resterende m. 

MONTERING:
Sy skuldersømmene. Sy i ermene. Sy ermsømmene innenfor 1 kantm.

HALS:
Halsen strikkes rundt på rundp.
Strikk opp 40 til 60 m (inkl m på tråden) rundt halsen på rundp 7 med Eskimo. Strikk 1 omg vrang og 1 omg rett. Videre strikkes det 1 omg vrang SAMTIDIG som m antallet justeres til 50-56-62-68-74-76 m. Strikk 1 omg rett. Videre strikkes det vrbord 1 r/1 vr. Fortsett slik i ca 4 cm. Nå økes det 1 m etter hver 1 r (det økes ved å lage 1 kast). På neste omg strikkes kastene vridd rett = 75-84-93-102-111-114 m. Deretter strikkes M.1 over alle m. Fortsett slik til halsen måler ca 24 til 26 cm. Fell av med M.1.","
														360kr														",img/cover/c125-10-10-2.jpg,"['/drops/symbols/1.gif', '/drops/symbols/26.gif']","[' rett fra retten, vrang fra vrangen', ' vrang fra retten, rett fra vrangen']","[u'125-10-10-2', u'125-10-10-t']",['125-10-10-dia']
4722,DROPS 125-15 by DROPS Design,"
DROPS design: Modell nr X-358
--------------------------------------------------------

Størrelse: 35/37 - 38/40 - 41/43
Fotens lengde: 22 - 24 - 27 cm.
Skaftets lengde: 4 - 4 - 4 cm.
Materialer: DROPS ALASKA fra Garnstudio
100-100-100 gr f.nr 04, grå.

DROPS SETTP NR 4,5 - eller det p.nr du må bruke for å få 18 m x 23 p glstrikk på 10 x 10 cm.
(Fortsett til oppskrift...)
","MØNSTER:
Se diag M.1 (= 15 m) og M.2 (= 15 m). Diag viser mønsteret sett fra retten.

HÆLFELLING (det strikkes i glattstrikk): 
1.p (= retten): Strikk til det gjenstår 6-7-7 m, ta neste m løs av p, 1 r, løft den løse m over, snu arb.
2.p (= vrangen): Strikk til det gjenstår 6-7-7 m, ta neste m løs av p, 1 vr, løft den løse m over, snu arb.
3.p (= retten): Strikk til det gjenstår 5-6-6 m, ta neste m løs av p, 1 r, løft den løse m over, snu arb.
4.p (= vrangen): Strikk til det gjenstår 5-6-6 m, ta neste m løs av p, 1 vr, løft den løse m over, snu arb.
Fortsett fellingen på samme måte ved å strikke til det gjenstår 1 m mindre før det tas 1 m løst av til det gjenstår 9-11-11 m.
--------------------------------------------------------

SOKK: 
Arb strikkes rundt på settp. 
Legg opp 42-48-48 m på settp 4,5 med Alaska. Strikk 2 omg rett, deretter 5 omg med vrbord 3 r/3 vr. På neste omg strikkes det MØNSTER - se forkl over - slik: Fortsett med vrbord 3 r/3 vr over de første 18-24-24 m, 6-6-6 m r, M.1 (= 15 m), 3-3-3 m r. HUSK PÅ STRIKKEFASTHETEN! Fortsett slik til arb måler 4 cm i alle str. Nå beholdes de første 21-27-27 m på p til hæl og de siste 21-21-21 m settes på 1 tråd (= midt oppå foten). Strikk vrbord frem og tilbake over hæl-m i 5-5½-6 cm. NB! På siste p fra vrangen felles det i de ulike str slik: Str 35/37: Fell 1 m i første og siste r-parti ved å strikke 2 m r sm. Str 38/40 og 41/43: Fell 1 m i hver av de 4 r-partiene ved å strikke 2 m r sm. Alle str: = 19-23-23 m. Sett 1 merke i arb. Videre strikkes det HÆLFELLING  se forkl over! Etter hælfellingen strikkes det opp 9-10-12 m på hver side av hælen og de 21-21-21 m fra tråden settes tilbake på p = 48-52-56 m. Sett 1 merketråd på hver side av de midterste 21-23-25 m oppå foten (= 3-4-5 m på hver side av M.1). Fortsett med glattstrikk og M.1 - SAMTIDIG felles det i hver side slik: De 2 siste m før første merke oppå foten strikkes vridd r sm og de 2 første m etter siste merke oppå foten strikkes r sm. Gjenta fellingene på hver 2.omg totalt 6-7-7 ganger = 36-38-42 m. Strikk videre til arb måler 18-20-22 cm fra merket på hælen  avpass slik at det avsluttes etter 1 hel rapport av M.1 (= ca 4-4-5 cm igjen til hel lengde). Sett 1 merketråd i hver side slik at det blir 19-19-21 m under foten og 17-19-21 m oppå foten (= 1-2-3 m på hver side av M.1). Herfra starter tåfellingen. LES HELE NESTE AVSNITT FØR DET STRIKKES VIDERE:
(NB! Det felles ulikt på undersiden og oversiden av foten, men fellingene strikkes på samme omg). Fell til tå under foten slik (på innsiden av merketrådene): Strikk de 2 m etter merketråden vridd rett sm og de 2 m før merketråden rett sm. Gjenta fellingen på hver 2.omg totalt 4-4-4 ganger, deretter på hver omg totalt 3-3-4 ganger SAMTIDIG felles det til tå oppå foten slik: Strikk M.2 over M.1 (1-2-3 m på hver side av M.1 strikkes i glstrikk som før). Avslutt med vr over de 3 siste m av siste omg i str 41/43 = 10-12-14 m igjen på p. Klipp tråden, trekk den gjennom de resterende m og fest godt.","
														40kr														",img/cover/c125-15-15-2.jpg,"['/drops/symbols/1.gif', '/drops/symbols/26.gif', '/drops/symbols/402.gif', '/drops/symbols/406.gif', '/drops/symbols/202.gif', '/drops/symbols/201.gif', '/drops/symbols/300.gif', '/drops/symbols/234.gif']","[' rett', ' vrang', ' sett 3 m p\xc3\xa5 hj.p bak arb, strikk 1 r strikk de 3 m fra hj.p rett', ' sett 1 m p\xc3\xa5 hj.p foran arb, strikk 3 m rett, strikk m fra hj.p rett', ' 2 m r sm', ' ta 1 m l\xc3\xb8s av p, strikk 1 r, l\xc3\xb8ft den l\xc3\xb8se m over', ' ta 1 m l\xc3\xb8s av p, strikk 2 m rett sm, l\xc3\xb8ft den l\xc3\xb8se m over', ' 2 vr sm']",[u'125-15-15-2'],['125-15-15-dia']
4723,DROPS 126-7 by DROPS Design,"
DROPS design: Modell nr DE-027
--------------------------------------------------------
Størrelse: S - M - L - XL - XXL - XXXL     
Materialer: DROPS DELIGHT fra Garnstudio
F.nr 14, lilla/grønn mix:
350-350-400-450-500-550 gr

DROPS RUNDP NR 3 (80 cm)  
eller det p.nr du må bruke for å få 24 m x 32 p glstrikk på 10 x 10 cm.
DROPS BØFFELHORNKNAPP, nr 535: 3 stk.
(Fortsett til oppskrift...)
","RILLE (frem og tilbake på p):
1 rille = 2 p rett.
STRIKKETIPS:
For å unngå hull når det snues midt i arb taes 1.m løs av p, stram tråden og strikk videre. 
--------------------------------------------------------

JAKKE:
Jakken strikkes i deler i ulike retninger. Pilene på målskissen viser strikkeretningen.

NEDERSTE DEL BOL: 
For å få plass til alle m strikkes det frem og tilbake på rundp. Legg opp 67 m (inkl 2 kantm i hver side) på rundp 3 med Delight. Strikk glstrikk frem og tilbake men de 2 ytterste m i hver side strikkes i RILLE - se forkl over. HUSK PÅ STRIKKEFASTHETEN! 
Når arb måler 21-23-25-27-30-33 cm - avpass slik at neste p strikkes fra retten - strikkes det forkortede p slik (1.p = retten) - LES STRIKKETIPS: 
Strikk 20 m, snu arb og strikk tilbake. 
Strikk 40 m, snu arb og strikk tilbake. 
Strikk 60 m, snu arb og strikk tilbake. 
Strikk over alle m, sett 1 merke i den siste m (markerer midt i siden), snu arb og strikk tilbake. 
Strikk 60 m, snu arb og strikk tilbake. 
Strikk 40 m, snu arb og strikk tilbake. 
Strikk 20 m, snu arb og strikk tilbake.
Videre strikkes det glstrikk frem og tilbake over alle m (de 2 ytterste m i hver side fortsettes i rille). Når arb måler 42-46-50-54-60-66 cm fra merket i siden - avpass slik at neste p strikkes fra retten - strikkes det forkortede p på samme måte som sist. Etter de forkortede p fortsettes det med glstrikk frem og tilbake over alle m (de 2 ytterste m i hver side fortsettes i rille). Når arb måler 21-23-25-27-30-33 cm fra det andre merket felles det løst av. Arb måler nå ca 84-92-100-108-120-132 cm langs den korteste langsiden og ca 93-101-109-117-129-141 cm langs den lengste langsiden (= nederst på jakken).

ØVERSTE DEL BOL:
Start fra retten i høyre side langs den korteste langsiden og strikk opp m i den innerste av de 2 rille-m slik (bruk heklenål og tråd): * Strikk opp 1 m i hver av de 3 første rillene, hopp over 1 rille *, gjenta fra *-*. Videre strikkes det glstrikk frem og tilbake fra midt foran men den ytterste m i hver side strikkes i rille. SAMTIDIG på 1.p justeres m-ant til 198-216-238-258-286-316 m. Når arb måler 11-12-13-14-15-16 cm fra opplukkingskanten strikkes neste p slik:
Strikk 47-51-57-61-67-75 m (= forstk), fell 6-6-6-8-10-10 m til ermhull, strikk 92-102-112-120-132-146 m (= bakstk), fell 6-6-6-8-10-10 m til ermhull og strikk de resterende 47-51-57-61-67-75 m (= forstk). Hver del strikkes videre for seg.

BAKSTK:
= 92-102-112-120-132-146 m. Videre felles det til ermhull på beg av hver p i hver side slik: 2 m 1-1-2-3-5-7 ganger og 1 m 1-3-5-5-6-7 ganger = 86-92-94-98-100-104 m. Fortsett med glstrikk til arb måler 28-30-32-34-36-38 cm fra opplukkingskanten. Nå felles de midterste 28-30-30-30-32-32 m av til hals og hver skulder strikkes ferdig for seg. Videre felles det 2 m på neste p fra halsen = 27-29-30-32-32-34 m tilbake på skulderen. Når arb måler 30-32-34-36-38-40 cm fra opplukkingskanten (hele bakstk måler nå ca 56-58-60-62-64-66 cm) felles det løst av.

HØYRE FORSTK:
= 47-51-57-61-67-75 m. Videre felles det til ermhull på beg av hver p fra siden som på bakstk = 44-46-48-50-51-54 m. Fortsett videre til arb måler 20-22-22-24-24-26 cm. Nå felles det til hals på beg av hver p fra midt foran: 4 m 1 gang, 2 m 4 ganger og 1 m 5-5-6-6-7-8 ganger = 27-29-30-32-32-34 m tilbake på skulderen. Strikk videre til arb måler 30-32-34-36-38-40 cm fra opplukkingskanten, pass på at forstk måler det samme som bakstk. Fell løst av.

VENSTRE FORSTK: 
Strikk som høyre forstk men motsatt.

ERME:
Det strikkes frem og tilbake på rundp. 
Legg opp 58-60-60-62-64-64 m (inkl 1 kantm i hver side) på rundp 3 med Delight. Strikk 4 riller, deretter strikkes det glstrikk. Når arb måler 10-10-10-8-7-6 cm økes det 1 m i hver side. Gjenta økningen totalt 12-14-17-18-20-24 ganger i STR S: hver 11.p, STR M: hver 9.p, STR L + XL: hver 7.p, STR XXL: hver 6.p og STR XXXL: hver 5.p = 82-88-94-98-104-112 m. Når arb måler 50-49-48-47-45-44 cm felles det til ermtopp på beg av hver p i hver side slik: 4 m 1 gang, 3 m 2 ganger, 2 m 2-3-3-4-4-4 ganger og 1 m 1-2-2-3-6-8 ganger, videre felles det 2 m på beg av hver p til arb måler ca 56 cm i alle str. Deretter felles det 3 m på beg av de 2 neste p før alle m felles løst av. Strikk 1 erme til.

MONTERING: 
Sy skuldersømmene. Sy ermsømmene innenfor 1 kantm. Sy i ermene.

HALSKANT:
Strikk opp fra retten ca 100 til 140 m på rundp 3 med Delight. Strikk 6 p rett før det felles løst av.

KANT NEDERST PÅ BOLEN:
Strikk opp vekselvis 1 og 2 m i hver rille-m nederst på bolen på rundp 3 med Delight. Strikk riller frem og tilbake på p SAMTIDIG som m-ant justeres til 228-246-266-286-314-342 m på 1.p. Når kanten måler 2 cm felles det LØST av.

VENSTRE STOLPE:
Strikk opp ca 116-120-120-124-126-130 m langs venstre forstk på rundp 3 med Delight  NB: Dersom det strikkes opp mange flere/færre m justeres m-ant på 1.p. 
Strikk riller frem og tilbake. Når stolpen måler ca 2 cm felles det løst av.

HØYRE STOLPE:
Strikk som venstre. SAMTIDIG etter 1 cm felles det til 3 knapphull jevnt fordelt. 1 KNAPPHULL = fell av 2 m og legg opp 2 nye over de felte m på neste p. Nederste knapphull skal være akkurat i overgangen under brystet (opplukkingskanten), og det skal være ca 4-6 cm mellom hvert knapphull.
Sy i knappene på venstre stolpe.","
														210kr														",img/cover/c126-7-7-2.jpg,[],,[u'126-7-7-2'],['126-7-7-d']
4724,DROPS 126-8 by DROPS Design,"
DROPS design: Modell nr DE-026  
--------------------------------------------------------
Størrelse: S/M - L - XL/XXL - XXXL 
Materialer: DROPS DELIGHT fra Garnstudio
200-250-250-300 gr f.nr 14, lilla/grønn mix.

DROPS HEKELNÅL nr 3,5 - eller den nåla du må bruke for å få 22 st x 10 rader på 10 x 10 cm.
(Fortsett til oppskrift...)
","TRÅDBYTTETIPS: 
For at fargeovergangene i Delight skal bli pene når det byttes nøste, er det viktig og finne et nøste som starter med den fargen det forrige sluttet med.
HEKLEINFO: 
Første st på hver rad/omg erstattes med 3 lm. Hver omg avsluttes med 1 kjm i 3.lm på beg av omg. 
ØKETIPS: 
Øk ved å hekle 2 st i 1 st.
BOBLE (gjelder hekleruten):
1 boble = 3 dbl-st som hekles sammen, dvs vent med siste gjennomtrekking på hver dbl-st til alle 3 dbl-st er heklet, kast på nåla og trekk tråden gjennom alle 4 løkkene på nåla. 
--------------------------------------------------------

BAKSTK: 
Arb hekles frem og tilbake  LES TRÅDBYTTETIPS og HEKLEINFO! 
Hekle 88-97-106-118 løse lm på nål 3,5 med Delight. Hekle 1 st i 4.lm fra nåla, 1 st i hver av de neste 0-2-4-2 lm, * hopp over 1 lm, 1 st i hver av de 6 neste lm *, gjenta fra *-* ut raden = 74-82-90-100 st. Videre hekles det 1 st i hver st. Når arb måler 5-6-7-8 cm økes det 1 st i hver side i nest ytterste st  LES ØKETIPS, gjenta økningen når arb måler 11-12-13-14 og igjen ved 17-18-19-20 cm = 80-88-96-106 st. Hekle til arb måler 21-23-25-27 cm.

KANTSTK: 
Hekle 1 st i hver av de 80-88-96-106 st øverst langs bakstk, deretter hekles 53-57-61-65 lm (= ermhull), 1 st i hver av de 74-82-90-100 st nederst langs bakstk, deretter 53-57-61-65 lm (= ermhull), avslutt med 1 kjm i 1.st på omg. På neste omg hekles det 1 st i hver st øverst og nederst på ryggen og om hver lm-bue hekles det 47-51-55-59 st = 248-272-296-324 st. Fortsett rundt slik:
1.OMG: 1 st i første st (erstattes av 3 lm), * 1 lm, hopp over 1 st, 1 st i neste st *, gjenta fra *-* og avslutt med 1 lm, hopp over 1 st og 1 kjm i 3.lm på beg av omg.
2.OMG: 1 st i hver st og 1 st om hver lm.
Gjenta disse 2 omg oppover - SAMTIDIG når kanten måler ca 4 cm (avpass slik at neste omg blir en omg med bare st) økes det 32-34-36-38 st jevnt fordelt  LES ØKETIPS - gjenta økningen når arb måler ca 7 og 10 cm = 344-374-404-438 st. Hekle til kanten måler ca 12-13-14-15 cm  avpass etter 1 omg med st.  

HEKLERUTE: 
Hekle 6 lm med Delight på nål 3,5 og sett dem i en ring med 1 kjm i første lm. 
1.OMG: 12 st om ringen  LES HEKLEINFO!
2.OMG: 5 lm (= 1 st + 2 lm), 1 st i neste st, * 2 lm, 1 st i neste st *, gjenta fra *-* omg rundt og avslutt med 1 kjm i 3.lm på beg av omg (= 12 lm-buer).  
3.OMG: 1 st i hver st og 2 st i hver lm-bue (= 36 st). 
4.OMG: 5 lm, hopp over 2 st, * 1 fm i neste st, 4 lm, hopp over 2 st *, gjenta fra *-*, avslutt med 1 kjm i første lm (= 12 lm-buer).
5.OMG: Hekle 5 lm, hopp over første lm-bue, i neste lm-bue hekles *-* slik: * 1 BOBLE  se forkl over, 2 lm, 1 boble, 5 lm, 1 boble, 2 lm, 1 boble *, 4 lm, 1 st i fm mellom de 2 neste lm-buene, 4 lm, hopp over 1 lm-bue, i neste lm-bue hekles *-*, 6 lm, 1 st i fm mellom de 2 neste lm-buene, 6 lm, hopp over 1 lm-bue, i neste lm-bue hekles *-*, 4 lm, 1 st i fm mellom de 2 neste lm-buene, 4 lm, hopp over 1 lm-bue, i neste lm-bue hekles *-*, avslutt med 2 lm og 1 kjm i tredje lm fra beg av omg. 
6.OMG: Hekle fm i alle lm-buene slik: 2 fm i første lm-bue, 2 fm i neste, 7 fm i neste (= hjørne), deretter 2 fm, 4 fm, 4 fm, 2 fm, 7 fm (= hjørne), 2 fm, 6 fm, 6 fm, 2 fm, 7 fm (= hjørne), 2 fm, 4 fm, 4 fm, 2 fm, 7 fm (= hjørne), 2 fm og 2 fm i siste lm-bue, avslutt med 1 kjm i første fm på beg av omg. 
Klipp tråden. To av sidene er like brede - ca 9½ cm, 1 side er smalere - ca 8½ cm og 1 side er bredere - ca 10½ cm.  

Hekle ca 18-20-22-24 ruter. 
Sy rutene sammen til en lang remse  sy kant i kant  pass på at alle de korteste sidene ligger mot samme side og alle de lengste sidene ligger mot motsatt side slik at remsen blir buet.  
Start med å sy fast de 2 midterste rutene på remsen midt bak øverst på kantstk  sy kant i kant. Fortsett å sy nedover den ene siden og frem til midt bak nederst på kantstk, deretter sys den andre siden av remsen  pass på at det ikke strammer når remsen sys på. Dersom det trengs flere eller færre ruter må dette justeres før de 2 siste rutene sys sammen midt bak. 

PICOTKANT: 
Hekle med nål 3,5 og Delight ytterst rundt hele remsen med hekleruter. Start i den første ruten som ble sydd på bak i nakken og hekle slik: 1 fm i andre m på ruten, * 1 picot (= 3 lm, 1 fm i første lm), hopp over 1 fm, 1 fm i neste fm *, gjenta fra *-* (det skal være ca 11 picoter langs hver rute + 1 i overgangen til neste rute), avslutt med 1 kjm i første fm på beg av omg. 
Hekle picotkant på samme måte rundt ermhullene.","
														120kr														",img/cover/c126-8-8-2.jpg,[],,"[u'126-8-8-2', u'126-8-8-c']",['126-8-8-d']
4725,DROPS 126-9 by DROPS Design,"
DROPS design: Modell nr NE-022
--------------------------------------------------------

Størrelse: S - M - L - XL - XXL - XXXL
Materialer: DROPS NEPAL fra Garnstudio
F.nr 4311, grå/lilla: 
600-650-700-800-850-950 gr 

DROPS SETTP OG RUNDP (40 og 80 cm) NR 4,5 - eller det p.nr du må ha for å få 18 m x 23 p glstrikk på 10 x 10 cm.
DROPS BUFFELHORN KNAPP, NR 537:
6-7-7-8-8-8 stk.
(Fortsett til oppskrift...)
","RILLE (frem og tilbake på p):
1 rille = 2 p rett.
RILLE (på settp/rundp):
1 rille = 2 omg. 1 omg rett og 1 omg vrang.
PERLESTRIKK (dobbel i høyden):
1.p: * 1 r, 1 vr *, gjenta fra *-*. 
2.p: r over r og vr over vr. 
3.p: vr over r og r over vr. 
Gjenta 2. og 3.p oppover.

KNAPPHULL:
Det felles til knapphull på høyre stolpe. 
1 knapphull = fell av den tredje stolpem (fra midt foran). På neste p legges det opp 1 ny m over den felte m. 
Fell til knapphull når arb måler:
Str S: 5, 13, 21, 29, 37 og 45 cm.
Str M: 5, 12, 19, 26, 33, 40 og 47 cm.
Str L: 5, 12, 19, 26, 33, 40 og 47 cm.
Str XL: 5, 11, 18, 24, 30, 36, 43 og 49 cm.
Str XXL: 5, 11, 18, 24, 30, 36, 43 og 49 cm.
Str XXXL: 5, 12, 18, 25, 31, 38, 44 og 51 cm.
--------------------------------------------------------

BOLEN:
Arb strikkes frem og tilbake fra midt foran på rundp. Legg opp 162-180-190-208-230-252 m på rundp 4,5 med Nepal. Sett 2 merketråder i den 44.-48.-51.-55.-61.-66.m inn fra hver side (bakstk = 74-84-88-98-108-120 m).
Strikk slik: 6 m RILLE (= stolpe) - se forklover -, PERLESTRIKK - se forkl over - over de neste 32-36-39-43-49-54 m, 11 m Rille (merketråden sitter midt i disse m), Perlstrikk over de neste 64-74-78-88-98-110 m, 11 m Rille (merketråden sitter midt i disse m), Perlstrikk over de neste 32-36-39-43-49-54 m og 6 m Rille (= stolpe). HUSK PÅ STRIKKEFASTHETEN! Fortsett dette mønsteret. NB! Husk å felle til KNAPPHULL - se forkl over. SAMTIDIG når arb måler 5 cm felles det 1 m i rille-partiet i hver side ved å strikke 2 r sammen før og etter m med merketråden (= 4 fellinger), gjenta fellingen på hver 2½.cm totalt 5 ganger = 142-160-170-188-210-232 m (NB! den 5.gangen det felles strikkes det slik: ta 1 m løst av p, 2 r sammen, løft den løse m over). Den siste rille-m i hver side fortsettes i riller. Når arb måler 20 cm økes det 1 m i hver side av rille-masken i hver side (= 4 økninger), gjenta på hver 6.-6.-6.-7.-7.-7.cm totalt 3 ganger = 154-172-182-200-222-244 m. De økte m strikkes inn i rille. Fortsett videre til arb måler 34-35-36-37-38-39 cm. Nå felles det 7 m i hver side (= 3 m på hver side av merketråden + m med merketråden). Videre strikkes hver del ferdig for seg.

BAKSTK:
= 64-74-78-88-98-110 m. Strikk Perlestrikk som før. SAMTIDIG fortsettes fellingene til ermhull på beg av hver p i hver side slik: 2 m 0-1-2-4-6-8 ganger og 1 m 0-1-0-0-0-1 gang = 64-68-70-72-74-76 m. Når arb måler 52-54-56-58-60-62 cm felles de midterste 20-22-22-24-24-26 m av til hals, og hver skulder strikkes ferdig for seg. Videre på neste p felles det 1 m mot halsen = 21-22-23-23-24-24 m igjen på skulderen. Fell av når arb måler 54-56-58-60-62-64 cm.

VENSTRE FORSTK:
= 38-42-45-49-55-60 m. Strikk Perlestrikk som før. SAMTIDIG felles det til ermhull i siden som på bakstk = 38-39-41-41-43-43 m. Fortsett videre til arb måler 46-48-48-50-50-52 cm. Nå settes 10 m mot midt foran på 1 tråd til hals. Videre felles det til hals på beg av hver p fra halsen (= vrangen): 2 m 3-3-2-2-2-2 ganger og 1 m 1-1-4-4-5-5 ganger = 21-22-23-23-24-24 m igjen på skulderen. Fell av når arb måler 54-56-58-60-62-64 cm.

HØYRE FORSTK:
Strikk som venstre forstk men motsatt.
NB! Husk knapphullsfelling.

ERME:
Ermet strikkes rundt på settp/rundp.
Legg opp 43-43-47-47-47-49 m på settp 4,5 med Nepal. Sett 1 merketråd i den første m på omg = midt under ermet. Strikk slik: 1 m RILLE  se forkl over - og 42-42-46-46-46-48 m Perlstrikk.
Fortsett slik til arb måler ca 8-8-8-8-8-10 cm. Nå økes det 1 m på hver side av 1 m Rille under ermet. Gjenta økningen på hver 4.-3.-3.-2½.-2.-1½.cm totalt 10-12-13-16-18-19 ganger = 63-67-73-79-83-87 m. De økte m strikkes fortløpende inn i Perlstrikken. Når arb måler 49-48-49-48-47-45 cm (NB! Kortere mål i de større str pga lengre ermtopp og bredere skuldervidde) felles det 7 m midt under ermet og det strikkes videre frem og tilbake. Videre felles det til ermtopp 2 m på beg av hver p i hver side til arb måler 55-55-56-56-57-57 cm. Nå felles det 4 m 1 gang i hver side før de resterende m felles av. Arb måler nå ca 56-56-57-57-58-58 cm.

MONTERING:
Sy skuldersømmene. Sy i ermene. Sy i knappene. 

HALS:
Strikk opp 70 til 100 m (inkl m på trådene) fra retten rundt halsen. Strikk 1 p rett fra vrangen, 1 p rett fra retten og 1 p rett fra vrangen. Fell av med rett fra retten.","
204kr ",img/cover/c126-9-9-2.jpg,[],,"[u'126-9-9-2', u'126-9-9-t']",['126-9-9-d']
4726,DROPS 126-10 by DROPS Design,"
DROPS design: Modell nr DE-014
---------------------------------------------------------
Størrelse: One size
Materialer: DROPS DELIGHT fra Garnstudio
100 gr f.nr 06, rosa/lilla mix

DROPS PINNE NR 5 - eller det p.nr du må bruke for å få 19 m x 38 p rillestrikk på 10 x 10 cm.
(Fortsett til oppskrift...)
","HALS:
Hele halsen strikkes i riller - dvs det strikkes rett på hver p.
Legg opp 40 m på p 5 med Delight. Strikk frem og tilbake til arb måler ca 140 cm. HUSK PÅ STRIKKEFASTHETEN! Fell av. Sy sammen oppleggskanten og avfellingskanten med små sting.
Halsen brettes dobbel (som et 8-tall) før den tas på.","
														60kr														",img/cover/c126-10-10-2.jpg,[],,"[u'126-10-10-2', u'126-10-10b-2']",[]
4727,DROPS 126-11 by DROPS Design,"
DROPS design: Modell nr DE-016  
--------------------------------------------------------
Størrelse: One-size 
Materialer: DROPS DELIGHT fra Garnstudio
Farge nr 06, rosa/lilla mix.
SKJERF: 150 gram
VANTER: 100 gram

DROPS HEKLENÅL nr 3 eller 3,5 - den nåla du må bruke for å få 24 st x 13 rader på 10 x 10 cm. 1 heklerute = ca 8½ x 8½ cm.
(Fortsett til oppskrift...)
","TRÅDBYTTETIPS: 
For at fargeovergangene i Delight skal bli pene når det byttes nøste, er det viktig og finne et nøste som starter med den fargen det forrige sluttet med.

HEKLEINFO: 
Første st på hver omg/rad erstattes med 3 lm. Hver omg avsluttes med 1 kjm i 3.lm på beg av omg.

FELLETIPS (gjelder vantene). 
Hekle 1 st men vent med siste kast og gjennomtrekking (= 2 m på nåla), hekle 1 st i neste st og trekk siste kast gjennom alle 3 løkkene på nåla. Det er nå felt 1 st.

HEKLERUTE MED BLOMST:
Hekle 4 lm med Delight og sett dem sammen til 1 ring med 1 kjm i første lm.
1.OMG: * 1 fm om ringen, 3 lm,* gjenta fra *-* totalt 3 ganger og avslutt omg med 1 kjm i første fm på beg av omg = 3 lm-buer.
2.OMG: Hekle slik om hver lm-bue: 1 fm, 3 st og 1 fm, avslutt med 1 kjm i første fm = 3 blader. Snu arb - neste omg hekles fra blomstens bakside. 
3.OMG: 1 lm, 1 fm rundt 1.fm fra 1.omg, 4 lm, 1 fm nederst i den 2.st på første blad fra 2.omg, 4 lm, 1 fm rundt 2.fm fra 1.omg, 4 lm, 1 fm nederst i den 2.st i andre blad fra 2.omg, 4 lm, 1 fm rundt 3.fm fra 1.omg, 4 lm, 1 fm nederst i den 2.st på tredje blad fra 2.omg, 4 lm, 1 kjm i første lm på beg av omg = 6 lm-buer. Snu arb - neste omg hekles fra blomstens forside. 
4.OMG: Hekle slik om hver lm-bue: 1 fm, 5 st og 1 fm, avslutt omg med 1 kjm i første fm på beg av omg = 6 blader. Snu arb - neste omg hekles fra blomstens bakside.
5.OMG: 1 lm, 1 fm rundt 1.fm fra 3.omg, 5 lm, 1 fm nederst i den 4.st på første blad fra 4.omg, 5 lm, 1 fm nederst i den 3.st på andre blad fra 4.omg, 5 lm, 1 fm nederst i den 2.st på tredje blad fra 4.omg, 5 lm, 1 fm midt mellom 3.og 4. blad fra 4.omg, 5 lm, 1 fm nederst i den 4.st på fjerde blad fra 4.omg, 5 lm, 1 fm nederst i den 3.st på femte blad fra 4.omg, 5 lm, 1 fm nederst i den 2.st i sjettee blad fra 4.omg, 5 lm, 1 kjm i første lm på beg av omg = 8 lm-buer. Snu arb - neste omg hekles fra blomstens forside. 
6.OMG: Hekle slik om hver lm-bue: 1 fm, 1 st, 4 dbl-st, 1 st og 1 fm, avslutt omg med 1 kjm i første fm på beg av omg = 8 blader. Snu arb - neste omg hekles fra blomstens bakside.
7.OMG: 1 lm, 1 fm i 1.fm fra 5.omg, * 10 lm, 1 fm i neste fm fra 5.omg *, gjenta fra *-* 7 ganger, avslutt med 10 lm og 1 kjm i første lm på beg av omg = 8 lm-buer.  
Snu arb, ruten hekles ferdig fra forsiden.
8.OMG: Hekle kjm bort til midten av første lm-bue, * 12 lm, 1 fm om neste lm-bue, 5 lm, 1 fm om neste lm-bue *, gjenta fra *-* totalt 3 ganger, 12 lm, 1 fm om neste lm-bue, 5 lm, 1 kjm i kjm på toppen av første lm-bue fra forrige omg. 
9.OMG: I hver av de store lm-buene hekles det: 5 fm, 2 lm og 5 fm og i hver av de små lm-buene hekles det 5 fm, avslutt med 1 kjm i første fm på beg av omg. 
10.OMG: Hekle 1 st i hver fm og 4 st om lm-buene i hvert hjørne. Klipp og fest tråden.

PICOTKANT (hekles på henvisning i oppsk):
Hekle 1 fm i første st, * 1 picot (= 4 lm, 1 st i den første lm), hopp over 2 st og fest med 1 fm i neste st *, gjenta fra *-*, avslutt med 1 picot og 1 kjm i første fm når det hekles rundt på  vantene. På skjerfet avsluttes det med 1 fm i siste st. 
--------------------------------------------------------

SKJERF: 
Hekle 8 ruter som forklart over. Sy 4 og 4 ruter sammen til to kvadrat  sy kant i kant med 1 sting i hver m. 
Hekle 1 st i hver st med Delight langs den ene siden av det ene kvadratet = 38 st. Snu, videre hekles det 1 st i hver st oppover  LES HEKLEINFO og TRÅDBYTTETIPS. 
HUSK PÅ HEKLEFASTHETEN! 
Hekle til arb måler ca 83 cm, klipp tråden og bruk den til å sy det andre kvadratet med ruter fast i denne enden av skjerfet. Hekle 1 PICOTKANT - se forkl over - i hver ende. Klipp og fest tråden. Skjerfet måler totalt ca 102 cm.  
--------------------------------------------------------

VANTER: 
Arbeidet hekles ovenfra og ned - dvs at alle fingrene hekles først. 

LILLEFINGER: 
Hekle 4 lm med Delight og sett dem sammen til en ring med 1 kjm i første lm. Hekle 10 st om ringen  LES HEKLEINFO! Fortsett rundt med 1 st i hver st til fingeren måler 5,5 cm. HUSK PÅ HEKLEFASTHETEN!  Klipp tråden og legg arb til side.

RINGEFINGER: 
Hekle 4 lm og sett dem sammen til en ring med 1 kjm i første lm. Hekle 12 st om ringen. Fortsett rundt med 1 st i hver st til fingeren måler 7 cm. Klipp tråden og legg arb til side.

LANGFINGER: 
Hekle som ringefingeren men til arb måler 8 cm. Klipp tråden og legg arb til side.

PEKEFINGER: 
Hekle 4 lm og sett dem sammen til en ring med 1 kjm i første lm. Hekle 14 st om ringen. Fortsett rundt med 1 st i hver st til fingeren måler 7 cm. Klipp tråden og legg arb til side.

TOMMEL: 
Hekle 4 lm og sett dem sammen til en ring med 1 kjm i første lm. Hekle 14 st om ringen. Fortsett rundt med 1 st i hver st til tommelen måler 6 cm. Klipp tråden og legg arb til side.

VENSTRE HÅND: 
Hekle 1 st i 6 st på ringefingeren, videre hekles 1 st i 6 st på langfingeren, deretter 1 st i hver st rundt pekefingeren (= 14 st), fortsett med 6 st på den andre siden av langfingeren og 6 st på den andre siden av ringfingeren (det vil komme noen små hull mellom fingrene, disse sys sammen senere) = 38 st. 
Neste omg hekles slik: 1 st i hver st fra lillefingeren (= 10 st), videre fortsettes det rundt hånden samtidig som det felles 6 st jevnt fordelt  LES FELLETIPS = 42 st på omg. Sett 1 merke i siden på lillefingeren (= beg på omg videre). På neste omg hekles det 2 st forbi merket i siden, snu og hekle over 25 st tilbake, snu og hekle videre frem og tilbake over disse 25 st (det hekles ikke over 17 st midt oppå hånden for her skal det sys inn 1 heklerute). Når det er heklet 4 rader frem og tilbake skal tommelen hekles inn, dette gjøres slik: Hekle tilbake over 21 st (= fra vrangen), videre hekles det med 1 st i hver st rundt tommelen (= 14 st), deretter hekles de 4 siste st på hånden = totalt 39 st. Fortsett og hekle frem og tilbake  SAMTIDIG felles det til tommelkile ved å hekle de 2 første og 2 siste st på tommelen sammen  SE FELLETIPS, gjenta fellingen på hver rad totalt 7 ganger  SAMTIDIG når det partiet som hekles frem og tilbake måler 7 cm hekles det 20 lm over åpningen midt oppå hånden. Videre hekles det rundt igjen  det hekles 17 st i lm-buen. Når alle fellingene på tommelen er ferdig er det 42 st på omg. Hekle 8 omg med 1 st i hver st. Avslutt med 1 PICOTKANT - se forkl over! Klipp og fest tråden. 

MONTERING: 
Hekle 1 rute som forkl over, men avslutt etter 9.omg  ruten måler da ca 7 x 7 cm, klipp og fest tråden. Sy fast ruten kant i kant inn i åpningen oppå hånden på vanten.
Sy et par sting mellom alle fingrene.  

HØYRE VANTE: 
Hekle som venstre men motsatt. Dvs at når tommelen skal hekles inn gjøres dette fra retten på denne vanten istedenfor fra vrangen.","
														150kr														",img/cover/c126-11-11-2.jpg,[],,"[u'126-11-11-2', u'126-11-11-c']",[]
4728,DROPS 126-16 by DROPS Design,"
DROPS design: Modell nr NE-035 
----------------------------------------------------------
Størrelse: S - M - L - XL - XXL - XXXL
Materialer: DROPS NEPAL	fra Garnstudio
F.nr 0612, mellombrun mix:
500-600-650-700-750-850 gr 

DROPS PINNE nr 5 - eller det p.nr du må bruke for å få 17 m x 33 p rillestrikk på 10 x 10 cm.
(Fortsett til oppskrift...)
","RILLE (frem og tilbake på p): 1 rille = 2 p r. 

VENDINGER-1: Det strikkes vendinger for å få buet form på arb. 
Vendingene strikkes slik: 
1.p: Strikk 30-33-36-42-48-54 m, snu arb.
2.p: Strikk tilbake.
3.p: Strikk 27-30-33-39-45-51 m, snu arb. 
4.p: Strikk tilbake.
5.p: Strikk 24-27-30-36-42-48 m, snu arb. 
6.p: Strikk tilbake.
7.p: Strikk 21-24-27-33-39-45 m, snu arb. 
8.p: Strikk tilbake.
Fortsett slik med å strikke over 3 m mindre for hver gang, til det er strikket 1 gang frem og tilbake over kun de 3 første m. 
Deretter strikkes det 2 p over alle m. Det er nå strikket 10-11-12-14-16-18 riller i ytterkant og 1 rille innerst. Gjenta fra 1.p totalt 5 ganger. 
Buen måler nå ca 30-33-36-42-48-54 cm ytterst og 2 cm innerst. 
VENDINGER-2: Det strikkes vendinger for å få buet form på arb. 
Vendingene strikkes slik: 
1.p: Strikk 27-27-30-30-33-36 m, snu arb.
2.p: Strikk tilbake.
3.p: Strikk 24-24-27-27-30-33 m, snu arb. 
4.p: Strikk tilbake.
5.p: Strikk 21-21-24-24-27-30 m, snu arb. 
6.p: Strikk tilbake.
7.p: Strikk 18-18-21-21-24-27 m, snu arb. 
8.p: Strikk tilbake.
Fortsett slik med å strikke over 3 m mindre for hver gang, til det er strikket 1 gang frem og tilbake over kun de 3 første m. 
Deretter strikkes det 2 p over alle m. Det er nå strikket 9-9-10-10-11-12 riller i ytterkant og 1 rille innerst. Gjenta fra 1.p totalt 5 ganger. 
Buen måler nå ca 27-27-30-30-33-36 cm ytterst og 2 cm innerst.
----------------------------------------------------------

BAKSTK: 
Arb strikkes frem og tilbake på p.  Legg opp 64-70-76-88-96-106 m på p 5 med NEPAL og strikk RILLER  se forkl over. HUSK PÅ STRIKKEFASTHETEN! Når arb måler 4 cm økes det 1 m i hver side, gjenta økningen på hver 4.cm totalt 3 ganger = 70-76-82-94-102-112 m. Når arb måler 15 cm felles det til ermhull på beg av hver p i hver side slik: 3 m 1 gang, 2 m 1-2-2-4-5-7 ganger og 1 m 1-2-2-4-5-5 ganger = 58-58-64-64-66-68 m.
Når arb måler 33-34-35-36-37-38 cm felles de midterste 16-16-16-18-18-18 m av til hals. Hver skulder strikkes ferdig for seg. Videre felles det 1 m mot halsen = 20-20-23-22-23-24 m tilbake på hver skulder. Fell av når arb måler 35-36-37-38-39-40 cm. 

HØYRE KANTSTK: 
ALLE MÅL GJØRES I DEN KORTESTE SIDEN! Legg opp 33-36-39-45-51-57 m på p 5 med Nepal. Strikk riller. Når arb måler 18-20-22-26-28-31 cm strikkes det VENDINGER-1 fra retten  se forkl over. Når 5 omg med vendinger er strikket ferdig strikkes det riller over alle m. HERFRA MÅLES ARB VIDERE! Når arb måler 4 cm startes det å øke i siden som på bakstk = 36-39-42-48-54-61 m. Når arb måler 15 cm felles det til ermhull i siden som på bakstk (fell til ermhull i beg av p på den korteste siden) = 30-30-33-33-36-39 m. Fortsett med riller til arb måler 33-34-35-36-37-38 cm. Nå strikkes det VENDINGER 2. Når alle vendingene er stikket ferdig måler arb 35-36-37-38-39-40 cm på den korteste siden. På neste p fra vrangen felles det 20-20-23-22-23-24 m i siden til skulder, strikk p ut = 10-10-10-10-13-15 m igjen til krage. Strikk riller til kragen måler ca 7-8-8-9-9-10 cm (målt fra skulderen). Fell av.

VENSTRE KANTSTK: 
Strikk som høyre, men motsatt.

MONTERING: 
Sy oppleggskantene på kantstykkene sammen midt bak og sy de til bakstykkets nederkant. Sy skuldersømmene. Sy sidesømmen innenfor en kantm. Sy kragen sammen midt bak og sy den til halsringningen.","
170kr ",img/cover/c126-16-16-2.jpg,[],,"[u'126-16-16-2', u'126-16-16b-2']",['126-16-16-d']
4729,Winter Classic by DROPS Design,"
DROPS design: Modell nr X-363
--------------------------------------------------------
Størrelse: XS/S - M/L
Hodemål: ca 52 cm - 56 cm
Materialer: DROPS ALASKA fra Garnstudio
150-150 gr f.nr 37, gråblå

DROPS HEKLENÅL NR 4 - eller den nålen du må bruke for å få 16 st x 9 rader på 10 x 10 cm.
DROPS BØFFELHORNKNAPP, nr 535: 
2 stk.
(Fortsett til oppskrift...)
","HEKLEINFO-1:
På beg av hver rad med halvst erstattes 1.halvst med 2 lm, raden avsluttes med 1 halvst i 2.lm fra beg av forrige rad. 
HEKLEINFO-2:
1.st på beg av hver omg erstattes med 3 lm og hver omg avsluttes med 1 kjm i 3.lm fra beg av omg.
1.fm på beg av hver omg erstattes med 1 lm og hver omg avsluttes med 1 kjm i lm fra beg av omg.

SAMMENHEKLING AV ST:
Hekle 1 st, men vent med siste gjennomtrekning (= 2 m på nålen), hekle deretter neste st, men når siste gjennomtrekning gjøres trekkes tråden gjennom alle m på nålen - det er nå felt 1 m.
SAMMENHEKLING AV FM:
Hekle 1 fm, men vent med siste gjennomtrekning, hekle neste fm og trekk tråden gjennom begge m på nålen.
--------------------------------------------------------

LUE:
Det hekles først en kant med vrbord-struktur som settes sammen til en ring, deretter hekles det opp nye m rundt åpningen og luen hekles videre rundt til ferdig mål.

KANT:
Hekle 14 lm på nål 4 med Alaska og hekle 1.rad slik: 1 halvst i 3.lm fra nålen, 1 halvst i hver av de 11 neste lm = 13 halvst, snu arb. LES HEKLEINFO-1. Videre hekles det halvst frem og tilbake men hver halvst hekles i bakre m-ledd (dvs ikke gjennom hele m) = vrbord-struktur. 
Når arb måler 52-56 cm hekles det 2 knapphull slik: Hekle 3 halvst, 2 lm, hopp over 2 m, 3 halvst, 2 lm, hopp over 2 m, 1 halvst i hver av de 3 siste m, snu arb. Hekle 1 halvst i hver halvst og 2 halvst om hver lm-bue = 13 halvst, klipp og fest tråden. 

LUE:
Sett kanten sammen til en ring slik at de 2 ytterste radene i siden med knapphull ligger over de 2 ytterste radene i den andre siden = knapphullssplitt. LES HEKLEINFO-2. Start ved knapphullssplitten og hekle vekselvis 1 og 2 fm ytterst i hver rad omg rundt  NB: ved knapphullssplitten hekles det gjennom begge lag = ca 78-84 fm. Videre hekles det st rundt med 1 st i hver m SAMTIDIG som m-ant justeres til 80-88 st ved å hekle 2 st i 1 fm med jevne mellomrom. Når det er heklet 4 omg med st (arb måler nå ca 11 cm) felles det 8 st jevnt fordelt, dvs hekle hver 9. og 10. st sammen i str XS/S og hver 10. og 11.st sammen i str M/L  se forkl over. Gjenta fellingen på hver 2.omg totalt 5 ganger og deretter på hver omg totalt 1-2 ganger = 32-32 st tilbake. Videre hekles det 2 omg med fm hvor alle fm hekles sammen 2 og 2 på begge omg = 8-8 fm tilbake. Klipp tråden, tråkle den opp og ned gjennom m, snurp sammen og fest. Luen måler ca 23-24 cm i høyden. Sy i knappene på kanten.

Votter, se oppskrift under modell 126-22","
														40kr														",img/cover/c126-21-21-2.jpg,[],,[u'126-21-21-2'],[]
